{
  "input_elements": {
    "takeoff_outside_air_temperature_1": {
      "type": "vline",
      "group": "takeoff_outside_air_temperature"
    },
    "takeoff_pressure_altitude_1": {
      "type": "curve",
      "group": "takeoff_pressure_altitude"
    },
    "takeoff_weight_1": {
      "type": "vline",
      "group": "takeoff_weight"
    },
    "takeoff_head_tail_wind_component_1": {
      "type": "vline",
      "group": "takeoff_head_tail_wind_component"
    }
  },
  "projected_elements": {
    "takeoff_weight_projection_1": {
      "type": "curve",
      "group": "takeoff_weight_projection",
      "source_mp": "mp6698",
      "base_line": "aac"
    },
    "takeoff_headwind_1": {
      "type": "curve",
      "group": "takeoff_headwind",
      "source_mp": "mp7368",
      "base_line": "aae"
    }
  },
  "intersections": {
    "mp5473": {
      "elements": [
        "takeoff_pressure_altitude_1",
        "takeoff_outside_air_temperature_1"
      ]
    },
    "mp5473_lines": {
      "x_line": "mp5473_x",
      "y_line": "mp5473_y"
    },
    "mp6698": {
      "elements": [
        "mp5473_x",
        "aac"
      ]
    },
    "mp6698_lines": {
      "x_line": "mp6698_x",
      "y_line": "mp6698_y"
    },
    "mp7360": {
      "elements": [
        "takeoff_weight_projection_1",
        "takeoff_weight_1"
      ]
    },
    "mp7360_lines": {
      "x_line": "mp7360_x",
      "y_line": "mp7360_y"
    },
    "mp7368": {
      "elements": [
        "mp7360_x",
        "aae"
      ]
    },
    "mp7368_lines": {
      "x_line": "mp7368_x",
      "y_line": "mp7368_y"
    },
    "mp8242": {
      "elements": [
        "takeoff_headwind_1",
        "takeoff_head_tail_wind_component_1"
      ]
    },
    "mp8242_lines": {
      "x_line": "mp8242_x",
      "y_line": "mp8242_y"
    },
    "mp8251": {
      "elements": [
        "mp8242_x",
        "aaf"
      ]
    },
    "mp8251_lines": {
      "x_line": "mp8251_x",
      "y_line": "mp8251_y"
    }
  },
  "timeline": [
    {
      "type": "input_element",
      "id": "takeoff_outside_air_temperature_1"
    },
    {
      "type": "input_element",
      "id": "takeoff_pressure_altitude_1"
    },
    {
      "type": "input_element",
      "id": "takeoff_weight_1"
    },
    {
      "type": "input_element",
      "id": "takeoff_head_tail_wind_component_1"
    },
    {
      "type": "intersection_selection",
      "id": "mp5473"
    },
    {
      "type": "intersection_selection",
      "id": "mp6698"
    },
    {
      "type": "projection",
      "id": "takeoff_weight_projection_1"
    },
    {
      "type": "intersection_selection",
      "id": "mp7360"
    },
    {
      "type": "intersection_selection",
      "id": "mp7368"
    },
    {
      "type": "projection",
      "id": "takeoff_headwind_1"
    },
    {
      "type": "intersection_selection",
      "id": "mp8242"
    },
    {
      "type": "intersection_selection",
      "id": "mp8251"
    },
    {
      "type": "output_data",
      "mp": "mp8251",
      "group": "accelerate_stop_distance_required_feet"
    }
  ],
  "output_data": [
    {
      "mp": "mp8251",
      "group": "accelerate_stop_distance_required_feet"
    }
  ]
}