{
  "background": "accelerate_stop_distance_required.jpg",
  "elements": {
    "aaa": {
      "type": "vline",
      "pos": 271.03030303030306
    },
    "aab": {
      "type": "vline",
      "pos": 611.1897926634769
    },
    "aac": {
      "type": "vline",
      "pos": 653.9840510366827
    },
    "aad": {
      "type": "vline",
      "pos": 951.3492822966508
    },
    "aae": {
      "type": "vline",
      "pos": 994.1435406698565
    },
    "aaf": {
      "type": "vline",
      "pos": 1121.4290271132377
    },
    "aag": {
      "type": "hline",
      "pos": 61.448165869218506
    },
    "aah": {
      "type": "hline",
      "pos": 656.1786283891547
    },
    "aai": {
      "type": "curve",
      "points": [
        [
          276.51674641148327,
          574.9792663476875
        ],
        [
          448.7910685805423,
          521.2121212121212
        ],
        [
          607.8979266347687,
          465.25039872408297
        ]
      ]
    },
    "aaj": {
      "type": "curve",
      "points": [
        [
          275.41945773524725,
          547.5470494417863
        ],
        [
          446.5964912280702,
          493.77990430622015
        ],
        [
          606.8006379585328,
          431.2344497607656
        ]
      ]
    },
    "aak": {
      "type": "curve",
      "points": [
        [
          276.51674641148327,
          522.3094098883573
        ],
        [
          447.69377990430627,
          464.1531100478469
        ],
        [
          606.8006379585328,
          392.829346092504
        ]
      ]
    },
    "aal": {
      "type": "curve",
      "points": [
        [
          275.41945773524725,
          494.87719298245617
        ],
        [
          448.7910685805423,
          425.7480063795854
        ],
        [
          605.7033492822967,
          351.1323763955343
        ]
      ]
    },
    "aam": {
      "type": "curve",
      "points": [
        [
          276.51674641148327,
          456.4720893141946
        ],
        [
          433.4290271132377,
          392.829346092504
        ],
        [
          604.6060606060606,
          306.14354066985646
        ]
      ]
    },
    "aan": {
      "type": "curve",
      "points": [
        [
          662.762360446571,
          543.1578947368421
        ],
        [
          945.8628389154705,
          622.1626794258374
        ]
      ]
    },
    "aao": {
      "type": "curve",
      "points": [
        [
          661.665071770335,
          501.46092503987245
        ],
        [
          941.4736842105264,
          601.3141945773525
        ]
      ]
    },
    "aap": {
      "type": "curve",
      "points": [
        [
          663.859649122807,
          460.8612440191388
        ],
        [
          944.7655502392345,
          578.2711323763956
        ]
      ]
    },
    "aaq": {
      "type": "curve",
      "points": [
        [
          660.5677830940989,
          421.3588516746412
        ],
        [
          943.6682615629985,
          551.9362041467305
        ]
      ]
    },
    "aar": {
      "type": "curve",
      "points": [
        [
          660.5677830940989,
          380.7591706539075
        ],
        [
          940.3763955342903,
          528.8931419457736
        ]
      ]
    },
    "aas": {
      "type": "curve",
      "points": [
        [
          659.4704944178628,
          342.35406698564594
        ],
        [
          939.2791068580543,
          500.3636363636364
        ]
      ]
    },
    "aat": {
      "type": "curve",
      "points": [
        [
          658.3732057416269,
          299.5598086124402
        ],
        [
          942.5709728867624,
          477.32057416267946
        ]
      ]
    },
    "aau": {
      "type": "curve",
      "points": [
        [
          1004.0191387559809,
          587.049441786284
        ],
        [
          1113.7480063795854,
          618.8708133971293
        ]
      ]
    },
    "aav": {
      "type": "curve",
      "points": [
        [
          999.6299840510368,
          542.0606060606061
        ],
        [
          1114.8452950558215,
          584.8548644338118
        ]
      ]
    },
    "aaw": {
      "type": "curve",
      "points": [
        [
          998.5326953748007,
          500.3636363636364
        ],
        [
          1112.6507177033493,
          545.3524720893142
        ]
      ]
    },
    "aax": {
      "type": "curve",
      "points": [
        [
          999.6299840510368,
          456.4720893141946
        ],
        [
          1115.9425837320575,
          505.85007974481664
        ]
      ]
    },
    "aay": {
      "type": "curve",
      "points": [
        [
          999.6299840510368,
          418.066985645933
        ],
        [
          1113.7480063795854,
          469.63955342902716
        ]
      ]
    },
    "aaz": {
      "type": "curve",
      "points": [
        [
          998.5326953748007,
          380.7591706539075
        ],
        [
          1115.9425837320575,
          436.7208931419458
        ]
      ]
    },
    "aba": {
      "type": "curve",
      "points": [
        [
          999.6299840510368,
          341.2567783094099
        ],
        [
          1117.0398724082936,
          398.3157894736842
        ]
      ]
    },
    "abb": {
      "type": "curve",
      "points": [
        [
          999.6299840510368,
          299.5598086124402
        ],
        [
          1115.9425837320575,
          359.91068580542264
        ]
      ]
    },
    "abc": {
      "type": "curve",
      "points": [
        [
          999.6299840510368,
          578.2711323763956
        ],
        [
          1042.4242424242425,
          531.0877192982456
        ]
      ]
    },
    "abd": {
      "type": "curve",
      "points": [
        [
          999.6299840510368,
          529.9904306220096
        ],
        [
          1032.548644338118,
          491.58532695374805
        ]
      ]
    },
    "abe": {
      "type": "curve",
      "points": [
        [
          1000.7272727272727,
          489.39074960127596
        ],
        [
          1034.7432216905902,
          448.7910685805423
        ]
      ]
    },
    "abf": {
      "type": "curve",
      "points": [
        [
          1001.8245614035088,
          446.5964912280702
        ],
        [
          1034.7432216905902,
          405.9968102073365
        ]
      ]
    },
    "abg": {
      "type": "curve",
      "points": [
        [
          1000.7272727272727,
          407.0940988835726
        ],
        [
          1030.3540669856459,
          365.3971291866029
        ]
      ]
    },
    "abh": {
      "type": "curve",
      "points": [
        [
          999.6299840510368,
          367.591706539075
        ],
        [
          1029.25677830941,
          322.60287081339715
        ]
      ]
    },
    "abi": {
      "type": "curve",
      "points": [
        [
          1000.7272727272727,
          328.08931419457736
        ],
        [
          1031.451355661882,
          278.71132376395536
        ]
      ]
    },
    "abj": {
      "type": "hline",
      "pos": 316.01913875598086
    }
  },
  "groups": {
    "accelerate_stop_distance_required_feet": [
      "abj",
      "aah"
    ],
    "takeoff_outside_air_temperature": [
      "aaa",
      "aab"
    ],
    "takeoff_weight": [
      "aac",
      "aad"
    ],
    "takeoff_head_tail_wind_component": [
      "aae",
      "aaf"
    ],
    "takeoff_pressure_altitude": [
      "aai",
      "aaj",
      "aak",
      "aal",
      "aam"
    ],
    "takeoff_weight_projection": [
      "aan",
      "aao",
      "aap",
      "aaq",
      "aar",
      "aas",
      "aat"
    ],
    "takeoff_headwind": [
      "aau",
      "aav",
      "aaw",
      "aax",
      "aay",
      "aaz",
      "aba",
      "abb"
    ],
    "takeoff_tailwind": [
      "abg",
      "abh",
      "abi",
      "abc",
      "abd",
      "abe",
      "abf"
    ]
  },
  "scales": {
    "abj": 6000.0,
    "aah": 2000.0,
    "aai": 0.0,
    "aaj": 2000.0,
    "aak": 4000.0,
    "aal": 6000.0,
    "aam": 8000.0,
    "aaa": -40.0,
    "aab": 40.0,
    "aac": 4750.0,
    "aad": 3000.0,
    "aan": 1.0,
    "aao": 2.0,
    "aap": 3.0,
    "aaq": 4.0,
    "aar": 5.0,
    "aas": 6.0,
    "aat": 7.0,
    "aae": 0.0,
    "aaf": 15.0,
    "aau": 1.0,
    "aav": 2.0,
    "aaw": 3.0,
    "aax": 4.0,
    "aay": 5.0,
    "aaz": 6.0,
    "aba": 7.0,
    "abb": 8.0,
    "abc": 1.0,
    "abd": 2.0,
    "abe": 3.0,
    "abf": 4.0,
    "abg": 5.0,
    "abh": 6.0,
    "abi": 7.0
  }
}