{
  "input_elements": {
    "climb_outside_air_temperature_1": {
      "type": "vline",
      "group": "climb_outside_air_temperature"
    },
    "climb_pressure_altitude_1": {
      "type": "curve",
      "group": "climb_pressure_altitude"
    },
    "climb_weight_multi_engine_1": {
      "type": "curve",
      "group": "climb_weight_multi_engine"
    },
    "climb_weight_single_engine_1": {
      "type": "curve",
      "group": "climb_weight_single_engine"
    }
  },
  "projected_elements": {},
  "intersections": {
    "mp4037": {
      "elements": [
        "climb_pressure_altitude_1",
        "climb_outside_air_temperature_1"
      ]
    },
    "mp4037_lines": {
      "x_line": "mp4037_x",
      "y_line": "mp4037_y"
    },
    "mp4471": {
      "elements": [
        "mp4037_x",
        "climb_weight_multi_engine_1"
      ]
    },
    "mp4471_lines": {
      "x_line": "mp4471_x",
      "y_line": "mp4471_y"
    },
    "mp4472": {
      "elements": [
        "mp4037_x",
        "climb_weight_single_engine_1"
      ]
    },
    "mp4472_lines": {
      "x_line": "mp4472_x",
      "y_line": "mp4472_y"
    },
    "mp4504": {
      "elements": [
        "mp4472_y",
        "aag"
      ]
    },
    "mp4504_lines": {
      "x_line": "mp4504_x",
      "y_line": "mp4504_y"
    },
    "mp4479": {
      "elements": [
        "mp4471_y",
        "aag"
      ]
    },
    "mp4479_lines": {
      "x_line": "mp4479_x",
      "y_line": "mp4479_y"
    }
  },
  "timeline": [
    {
      "type": "input_element",
      "id": "climb_outside_air_temperature_1"
    },
    {
      "type": "input_element",
      "id": "climb_pressure_altitude_1"
    },
    {
      "type": "input_element",
      "id": "climb_weight_multi_engine_1"
    },
    {
      "type": "input_element",
      "id": "climb_weight_single_engine_1"
    },
    {
      "type": "intersection_selection",
      "id": "mp4037"
    },
    {
      "type": "intersection_selection",
      "id": "mp4471"
    },
    {
      "type": "intersection_selection",
      "id": "mp4472"
    },
    {
      "type": "intersection_selection",
      "id": "mp4504"
    },
    {
      "type": "intersection_selection",
      "id": "mp4479"
    },
    {
      "type": "output_data",
      "mp": "mp4479",
      "group": "climb_rate_of_climb_multi_engine"
    },
    {
      "type": "output_data",
      "mp": "mp4504",
      "group": "climb_rate_of_climb_single_engine"
    }
  ],
  "output_data": [
    {
      "mp": "mp4479",
      "group": "climb_rate_of_climb_multi_engine"
    },
    {
      "mp": "mp4504",
      "group": "climb_rate_of_climb_single_engine"
    }
  ]
}