{
  "background": "climb_performance.jpg",
  "elements": {
    "aaa": {
      "type": "vline",
      "pos": 256.39234449760767
    },
    "aab": {
      "type": "vline",
      "pos": 597.1531100478469
    },
    "aac": {
      "type": "vline",
      "pos": 681.5215311004785
    },
    "aad": {
      "type": "vline",
      "pos": 1056.248803827751
    },
    "aae": {
      "type": "vline",
      "pos": 1089.1196172248804
    },
    "aaf": {
      "type": "vline",
      "pos": 1192.1148325358852
    },
    "aag": {
      "type": "hline",
      "pos": 754.9330143540669
    },
    "aah": {
      "type": "hline",
      "pos": 74.50717703349282
    },
    "aai": {
      "type": "curve",
      "points": [
        [
          596.0574162679426,
          695.7655502392345
        ],
        [
          414.17224880382776,
          797.6650717703349
        ],
        [
          271.73205741626793,
          883.1291866028708
        ]
      ]
    },
    "aaj": {
      "type": "curve",
      "points": [
        [
          580.7177033492823,
          651.9377990430622
        ],
        [
          468.95693779904303,
          706.7224880382774
        ],
        [
          248.7224880382775,
          851.3540669856459
        ]
      ]
    },
    "aak": {
      "type": "curve",
      "points": [
        [
          565.377990430622,
          610.3014354066986
        ],
        [
          429.511961722488,
          684.8086124401914
        ],
        [
          261.87081339712915,
          795.4736842105262
        ]
      ]
    },
    "aal": {
      "type": "curve",
      "points": [
        [
          551.133971291866,
          564.2822966507177
        ],
        [
          404.311004784689,
          647.555023923445
        ],
        [
          261.87081339712915,
          742.8803827751196
        ]
      ]
    },
    "aam": {
      "type": "curve",
      "points": [
        [
          531.4114832535885,
          522.645933014354
        ],
        [
          396.64114832535887,
          599.3444976076555
        ],
        [
          261.87081339712915,
          687.0
        ]
      ]
    },
    "aan": {
      "type": "curve",
      "points": [
        [
          511.68899521531097,
          482.10526315789474
        ],
        [
          390.066985645933,
          547.8468899521531
        ],
        [
          264.0622009569378,
          631.1196172248804
        ]
      ]
    },
    "aao": {
      "type": "curve",
      "points": [
        [
          490.87081339712915,
          439.3732057416268
        ],
        [
          365.9617224880383,
          506.2105263157895
        ],
        [
          261.87081339712915,
          577.4306220095693
        ]
      ]
    },
    "aap": {
      "type": "curve",
      "points": [
        [
          478.8181818181818,
          397.7368421052631
        ],
        [
          361.57894736842104,
          459.0956937799043
        ],
        [
          261.87081339712915,
          520.4545454545455
        ]
      ]
    },
    "aaq": {
      "type": "curve",
      "points": [
        [
          462.38277511961724,
          356.1004784688995
        ],
        [
          359.3875598086124,
          406.5023923444976
        ],
        [
          261.87081339712915,
          468.95693779904303
        ]
      ]
    },
    "aar": {
      "type": "curve",
      "points": [
        [
          442.66028708133973,
          314.46411483253587
        ],
        [
          344.04784688995215,
          368.1531100478469
        ],
        [
          260.7751196172249,
          418.555023923445
        ]
      ]
    },
    "aas": {
      "type": "curve",
      "points": [
        [
          428.4162679425837,
          270.6363636363636
        ],
        [
          341.85645933014354,
          316.6555023923445
        ],
        [
          265.1578947368421,
          362.67464114832535
        ]
      ]
    },
    "aat": {
      "type": "curve",
      "points": [
        [
          415.26794258373207,
          226.80861244019138
        ],
        [
          331.99521531100476,
          271.73205741626793
        ],
        [
          265.1578947368421,
          311.17703349282294
        ]
      ]
    },
    "aau": {
      "type": "curve",
      "points": [
        [
          328.7081339712919,
          222.42583732057415
        ],
        [
          288.1674641148325,
          243.244019138756
        ],
        [
          260.7751196172249,
          261.87081339712915
        ]
      ]
    },
    "aav": {
      "type": "curve",
      "points": [
        [
          283.78468899521533,
          221.33014354066987
        ],
        [
          269.5406698564593,
          227.9043062200957
        ],
        [
          258.5837320574163,
          235.57416267942583
        ]
      ]
    },
    "aaw": {
      "type": "curve",
      "points": [
        [
          684.8086124401914,
          246.5311004784689
        ],
        [
          745.0717703349283,
          326.51674641148327
        ],
        [
          808.622009569378,
          448.1387559808612
        ],
        [
          887.511961722488,
          474.4354066985646
        ],
        [
          890.7990430622009,
          530.3157894736842
        ],
        [
          897.3732057416267,
          631.1196172248804
        ],
        [
          899.5645933014354,
          750.5502392344497
        ]
      ]
    },
    "aax": {
      "type": "curve",
      "points": [
        [
          736.3062200956938,
          227.9043062200957
        ],
        [
          908.3301435406698,
          479.9138755980861
        ],
        [
          924.7655502392345,
          506.2105263157895
        ],
        [
          941.200956937799,
          525.9330143540669
        ],
        [
          940.1052631578947,
          571.9521531100478
        ],
        [
          952.1578947368421,
          649.7464114832536
        ],
        [
          951.0622009569378,
          750.5502392344497
        ]
      ]
    },
    "aay": {
      "type": "curve",
      "points": [
        [
          786.7081339712919,
          221.33014354066987
        ],
        [
          939.0095693779904,
          470.05263157894734
        ],
        [
          986.1244019138755,
          512.7846889952153
        ],
        [
          1001.4641148325359,
          554.421052631579
        ],
        [
          1016.8038277511962,
          668.3732057416267
        ],
        [
          1020.0909090909091,
          752.7416267942583
        ]
      ]
    },
    "aaz": {
      "type": "curve",
      "points": [
        [
          1092.4066985645932,
          467.8612440191387
        ],
        [
          1121.9904306220096,
          554.421052631579
        ],
        [
          1125.2775119617224,
          681.5215311004785
        ],
        [
          1123.0861244019138,
          753.8373205741626
        ]
      ]
    },
    "aba": {
      "type": "curve",
      "points": [
        [
          1092.4066985645932,
          373.63157894736844
        ],
        [
          1136.2344497607655,
          510.5933014354067
        ],
        [
          1151.5741626794259,
          614.6842105263157
        ],
        [
          1147.1913875598086,
          751.645933014354
        ]
      ]
    },
    "abb": {
      "type": "curve",
      "points": [
        [
          1092.4066985645932,
          299.1244019138756
        ],
        [
          1153.7655502392345,
          447.0430622009569
        ],
        [
          1173.488038277512,
          516.0717703349283
        ],
        [
          1174.5837320574162,
          623.4497607655502
        ],
        [
          1178.9665071770335,
          751.645933014354
        ]
      ]
    }
  },
  "groups": {
    "climb_outside_air_temperature": [
      "aaa",
      "aab"
    ],
    "climb_rate_of_climb_multi_engine": [
      "aac",
      "aad"
    ],
    "climb_rate_of_climb_single_engine": [
      "aae",
      "aaf"
    ],
    "climb_pressure_altitude": [
      "aai",
      "aaj",
      "aak",
      "aal",
      "aam",
      "aan",
      "aao",
      "aap",
      "aaq",
      "aar",
      "aas",
      "aat",
      "aau",
      "aav"
    ],
    "climb_weight_multi_engine": [
      "aaw",
      "aax",
      "aay"
    ],
    "climb_weight_single_engine": [
      "aaz",
      "aba",
      "abb"
    ]
  },
  "scales": {
    "aai": 0.0,
    "aaj": 2000.0,
    "aak": 4000.0,
    "aal": 6000.0,
    "aam": 8000.0,
    "aan": 10000.0,
    "aao": 12000.0,
    "aap": 14000.0,
    "aaq": 16000.0,
    "aar": 18000.0,
    "aas": 20000.0,
    "aat": 22000.0,
    "aau": 24000.0,
    "aav": 25000.0,
    "aaw": 4750.0,
    "aax": 4000.0,
    "aay": 3500.0,
    "aaz": 4750.0,
    "aba": 4000.0,
    "abb": 3500.0,
    "aaa": -40.0,
    "aab": 40.0,
    "aac": 0.0,
    "aad": 2200.0,
    "aae": 0.0,
    "aaf": 600.0
  }
}