{
  "background": "cruise_speed_power.jpg",
  "elements": {
    "aaa": {
      "type": "vline",
      "pos": 225.87719298245614
    },
    "aab": {
      "type": "vline",
      "pos": 484.60925039872404
    },
    "aac": {
      "type": "vline",
      "pos": 613.5645933014354
    },
    "aad": {
      "type": "vline",
      "pos": 872.2966507177033
    },
    "aae": {
      "type": "hline",
      "pos": 77.20893141945773
    },
    "aaf": {
      "type": "hline",
      "pos": 532.2488038277512
    },
    "aag": {
      "type": "curve",
      "points": [
        [
          482.53152279340446,
          488.5257032007759
        ],
        [
          402.47208931419453,
          524.8564593301435
        ],
        [
          230.77594568380212,
          659.3598448108633
        ]
      ]
    },
    "aah": {
      "type": "curve",
      "points": [
        [
          473.1100478468899,
          453.39712918660285
        ],
        [
          332.67701260911736,
          525.4898157129
        ],
        [
          226.77982541222113,
          615.4025218234723
        ]
      ]
    },
    "aai": {
      "type": "curve",
      "points": [
        [
          458.5548011639185,
          420.5916585838991
        ],
        [
          314.6944713870029,
          502.51212415130937
        ],
        [
          227.7788554801164,
          569.4471387002909
        ]
      ]
    },
    "aaj": {
      "type": "curve",
      "points": [
        [
          450.11164274322164,
          387.68740031897926
        ],
        [
          329.37001594896327,
          454.21850079744814
        ],
        [
          227.51993620414672,
          522.3923444976076
        ]
      ]
    },
    "aak": {
      "type": "curve",
      "points": [
        [
          433.6842105263158,
          356.475279106858
        ],
        [
          332.6555023923445,
          410.6858054226475
        ],
        [
          228.341307814992,
          483.78787878787875
        ]
      ]
    },
    "aal": {
      "type": "curve",
      "points": [
        [
          418.07814992025516,
          323.62041467304624
        ],
        [
          317.87081339712915,
          380.2950558213716
        ],
        [
          229.1626794258373,
          437.79106858054223
        ]
      ]
    },
    "aam": {
      "type": "curve",
      "points": [
        [
          407.40031897926633,
          291.5869218500797
        ],
        [
          311.2998405103668,
          345.7974481658692
        ],
        [
          229.1626794258373,
          396.7224880382775
        ]
      ]
    },
    "aan": {
      "type": "curve",
      "points": [
        [
          394.2583732057416,
          259.5534290271132
        ],
        [
          297.3365231259968,
          312.1212121212121
        ],
        [
          230.8054226475279,
          354.01116427432214
        ]
      ]
    },
    "aao": {
      "type": "curve",
      "points": [
        [
          382.75917065390746,
          227.51993620414672
        ],
        [
          304.72886762360446,
          268.58851674641147
        ],
        [
          227.51993620414672,
          315.4066985645933
        ]
      ]
    },
    "aap": {
      "type": "curve",
      "points": [
        [
          370.43859649122805,
          194.66507177033492
        ],
        [
          295.6937799043062,
          234.09090909090907
        ],
        [
          227.51993620414672,
          277.6236044657097
        ]
      ]
    },
    "aaq": {
      "type": "curve",
      "points": [
        [
          357.2966507177033,
          160.1674641148325
        ],
        [
          293.22966507177034,
          196.3078149920255
        ],
        [
          228.341307814992,
          234.91228070175438
        ]
      ]
    },
    "aar": {
      "type": "curve",
      "points": [
        [
          349.0829346092504,
          126.49122807017542
        ],
        [
          287.48006379585325,
          160.98883572567783
        ],
        [
          229.9840510366826,
          196.3078149920255
        ]
      ]
    },
    "aas": {
      "type": "curve",
      "points": [
        [
          279.2663476874003,
          124.02711323763954
        ],
        [
          228.341307814992,
          152.77511961722487
        ]
      ]
    },
    "aat": {
      "type": "curve",
      "points": [
        [
          244.76874003189792,
          124.84848484848484
        ],
        [
          227.51993620414672,
          133.8835725677831
        ]
      ]
    },
    "aau": {
      "type": "curve",
      "points": [
        [
          807.4082934609249,
          184.80861244019138
        ],
        [
          681.7384370015949,
          529.7846889952152
        ]
      ]
    },
    "aav": {
      "type": "curve",
      "points": [
        [
          843.5486443381179,
          237.37639553429025
        ],
        [
          726.9138755980861,
          528.9633173843699
        ]
      ]
    },
    "aaw": {
      "type": "curve",
      "points": [
        [
          850.1196172248804,
          252.98245614035085
        ],
        [
          741.6985645933014,
          526.4992025518341
        ]
      ]
    },
    "aax": {
      "type": "curve",
      "points": [
        [
          804.9441786283891,
          177.41626794258372
        ],
        [
          849.2982456140351,
          236.55502392344496
        ],
        [
          883.7958532695375,
          283.37320574162675
        ],
        [
          864.0829346092503,
          335.94098883572565
        ],
        [
          815.622009569378,
          459.1467304625199
        ],
        [
          777.0175438596491,
          530.6060606060606
        ]
      ]
    }
  },
  "groups": {
    "cruise_outside_air_temperature": [
      "aaa",
      "aab"
    ],
    "cruise_true_airspeed": [
      "aac",
      "aad"
    ],
    "cruise_pressure_altitude": [
      "aag",
      "aah",
      "aai",
      "aaj",
      "aak",
      "aal",
      "aam",
      "aan",
      "aao",
      "aap",
      "aaq",
      "aar",
      "aas",
      "aat"
    ],
    "cruise_power_setting": [
      "aau",
      "aav",
      "aaw",
      "aax"
    ]
  },
  "scales": {
    "aaa": -40.0,
    "aab": 40.0,
    "aac": 120.0,
    "aad": 200.0,
    "aag": 0.0,
    "aah": 2000.0,
    "aai": 4000.0,
    "aaj": 6000.0,
    "aak": 8000.0,
    "aal": 10000.0,
    "aam": 12000.0,
    "aan": 14000.0,
    "aao": 16000.0,
    "aap": 18000.0,
    "aaq": 20000.0,
    "aar": 22000.0,
    "aas": 24000.0,
    "aat": 25000.0,
    "aau": 55.0,
    "aav": 65.0,
    "aaw": 75.0,
    "aax": 100.0
  }
}