{
  "input_elements": {
    "cruise_outside_air_temperature_1": {
      "type": "vline",
      "group": "cruise_outside_air_temperature"
    },
    "cruise_pressure_altitude_1": {
      "type": "curve",
      "group": "cruise_pressure_altitude"
    },
    "cruise_power_setting_1": {
      "type": "curve",
      "group": "cruise_power_setting"
    }
  },
  "projected_elements": {},
  "intersections": {
    "mp4032": {
      "elements": [
        "cruise_pressure_altitude_1",
        "cruise_outside_air_temperature_1"
      ]
    },
    "mp4032_lines": {
      "x_line": "mp4032_x",
      "y_line": "mp4032_y"
    },
    "mp4264": {
      "elements": [
        "mp4032_x",
        "cruise_power_setting_1"
      ]
    },
    "mp4264_lines": {
      "x_line": "mp4264_x",
      "y_line": "mp4264_y"
    },
    "mp4270": {
      "elements": [
        "mp4264_y",
        "aaf"
      ]
    },
    "mp4270_lines": {
      "x_line": "mp4270_x",
      "y_line": "mp4270_y"
    }
  },
  "timeline": [
    {
      "type": "input_element",
      "id": "cruise_outside_air_temperature_1"
    },
    {
      "type": "input_element",
      "id": "cruise_pressure_altitude_1"
    },
    {
      "type": "input_element",
      "id": "cruise_power_setting_1"
    },
    {
      "type": "intersection_selection",
      "id": "mp4032"
    },
    {
      "type": "intersection_selection",
      "id": "mp4264"
    },
    {
      "type": "intersection_selection",
      "id": "mp4270"
    },
    {
      "type": "output_data",
      "mp": "mp4270",
      "group": "cruise_true_airspeed"
    }
  ],
  "output_data": [
    {
      "mp": "mp4270",
      "group": "cruise_true_airspeed"
    }
  ]
}