{
  "input_elements": {
    "endurance_pressure_altitude_1": {
      "type": "hline",
      "group": "endurance_pressure_altitude"
    },
    "power_setting_reserve_1": {
      "type": "curve",
      "group": "power_setting_reserve"
    },
    "power_setting_no_reserve_1": {
      "type": "curve",
      "group": "power_setting_no_reserve"
    }
  },
  "projected_elements": {},
  "intersections": {
    "mp1423": {
      "elements": [
        "power_setting_reserve_1",
        "endurance_pressure_altitude_1"
      ]
    },
    "mp1423_lines": {
      "x_line": "mp1423_x",
      "y_line": "mp1423_y"
    },
    "mp1624": {
      "elements": [
        "power_setting_no_reserve_1",
        "endurance_pressure_altitude_1"
      ]
    },
    "mp1624_lines": {
      "x_line": "mp1624_x",
      "y_line": "mp1624_y"
    },
    "mp1630": {
      "elements": [
        "mp1423_y",
        "aaf"
      ]
    },
    "mp1630_lines": {
      "x_line": "mp1630_x",
      "y_line": "mp1630_y"
    },
    "mp1647": {
      "elements": [
        "mp1624_y",
        "aaf"
      ]
    },
    "mp1647_lines": {
      "x_line": "mp1647_x",
      "y_line": "mp1647_y"
    }
  },
  "timeline": [
    {
      "type": "input_element",
      "id": "endurance_pressure_altitude_1"
    },
    {
      "type": "input_element",
      "id": "power_setting_reserve_1"
    },
    {
      "type": "input_element",
      "id": "power_setting_no_reserve_1"
    },
    {
      "type": "intersection_selection",
      "id": "mp1423"
    },
    {
      "type": "intersection_selection",
      "id": "mp1624"
    },
    {
      "type": "intersection_selection",
      "id": "mp1630"
    },
    {
      "type": "intersection_selection",
      "id": "mp1647"
    },
    {
      "type": "output_data",
      "mp": "mp1647",
      "group": "endurance_hours_no_reserve"
    },
    {
      "type": "output_data",
      "mp": "mp1630",
      "group": "endurance_hours_with_reserve"
    }
  ],
  "output_data": [
    {
      "mp": "mp1647",
      "group": "endurance_hours_no_reserve"
    },
    {
      "mp": "mp1630",
      "group": "endurance_hours_with_reserve"
    }
  ]
}