{
  "background": "endurance.jpg",
  "elements": {
    "aaa": {
      "type": "vline",
      "pos": 244.07017543859646
    },
    "aab": {
      "type": "vline",
      "pos": 437.84210526315786
    },
    "aac": {
      "type": "vline",
      "pos": 697.578947368421
    },
    "aad": {
      "type": "vline",
      "pos": 892.1754385964912
    },
    "aae": {
      "type": "hline",
      "pos": 53.59649122807017
    },
    "aaf": {
      "type": "hline",
      "pos": 507.92982456140345
    },
    "aag": {
      "type": "hline",
      "pos": 182.22807017543857
    },
    "aah": {
      "type": "curve",
      "points": [
        [
          282.82456140350877,
          289.4210526315789
        ],
        [
          290.2456140350877,
          504.6315789473684
        ]
      ]
    },
    "aai": {
      "type": "curve",
      "points": [
        [
          313.3333333333333,
          276.2280701754386
        ],
        [
          324.05263157894734,
          387.5438596491228
        ],
        [
          329.0,
          503.8070175438596
        ]
      ]
    },
    "aaj": {
      "type": "curve",
      "points": [
        [
          347.96491228070175,
          224.28070175438594
        ],
        [
          366.1052631578947,
          351.2631578947368
        ],
        [
          382.59649122807014,
          502.98245614035085
        ]
      ]
    },
    "aak": {
      "type": "curve",
      "points": [
        [
          699.2280701754386,
          287.77192982456137
        ],
        [
          703.3508771929824,
          502.98245614035085
        ]
      ]
    },
    "aal": {
      "type": "curve",
      "points": [
        [
          733.0350877192982,
          276.2280701754386
        ],
        [
          747.8771929824561,
          368.57894736842104
        ],
        [
          750.3508771929824,
          501.3333333333333
        ]
      ]
    },
    "aam": {
      "type": "curve",
      "points": [
        [
          779.2105263157894,
          225.1052631578947
        ],
        [
          800.6491228070175,
          366.9298245614035
        ],
        [
          808.8947368421052,
          501.3333333333333
        ]
      ]
    }
  },
  "groups": {
    "endurance_pressure_altitude": [
      "aaf",
      "aag"
    ],
    "endurance_hours_with_reserve": [
      "aaa",
      "aab"
    ],
    "endurance_hours_no_reserve": [
      "aac",
      "aad"
    ],
    "power_setting_reserve": [
      "aah",
      "aai",
      "aaj"
    ],
    "power_setting_no_reserve": [
      "aak",
      "aal",
      "aam"
    ]
  },
  "scales": {
    "aaf": 0.0,
    "aag": 25000.0,
    "aaa": 2.0,
    "aab": 5.0,
    "aac": 3.0,
    "aad": 6.0,
    "aah": 75.0,
    "aai": 65.0,
    "aaj": 55.0,
    "aak": 75.0,
    "aal": 65.0,
    "aam": 55.0
  }
}