{
  "background": "endurance_long_range.jpg",
  "elements": {
    "aaa": {
      "type": "hline",
      "pos": 76.9090909090909
    },
    "aab": {
      "type": "hline",
      "pos": 530.1818181818181
    },
    "aac": {
      "type": "vline",
      "pos": 251.18181818181816
    },
    "aad": {
      "type": "vline",
      "pos": 510.5454545454545
    },
    "aae": {
      "type": "vline",
      "pos": 639.0
    },
    "aaf": {
      "type": "vline",
      "pos": 898.3636363636363
    },
    "aag": {
      "type": "hline",
      "pos": 206.18181818181816
    },
    "aah": {
      "type": "curve",
      "points": [
        [
          290.45454545454544,
          310.09090909090907
        ],
        [
          296.18181818181813,
          529.3636363636364
        ]
      ]
    },
    "aai": {
      "type": "curve",
      "points": [
        [
          340.3636363636363,
          298.6363636363636
        ],
        [
          355.09090909090907,
          526.090909090909
        ]
      ]
    },
    "aaj": {
      "type": "curve",
      "points": [
        [
          396.8181818181818,
          245.45454545454544
        ],
        [
          425.45454545454544,
          524.4545454545454
        ]
      ]
    },
    "aak": {
      "type": "curve",
      "points": [
        [
          640.6363636363636,
          310.9090909090909
        ],
        [
          648.0,
          526.090909090909
        ]
      ]
    },
    "aal": {
      "type": "curve",
      "points": [
        [
          697.9090909090909,
          297.8181818181818
        ],
        [
          710.9999999999999,
          525.2727272727273
        ]
      ]
    },
    "aam": {
      "type": "curve",
      "points": [
        [
          759.2727272727273,
          247.09090909090907
        ],
        [
          769.9090909090909,
          313.3636363636363
        ],
        [
          791.9999999999999,
          525.2727272727273
        ]
      ]
    }
  },
  "groups": {
    "endurance_pressure_altitude": [
      "aab",
      "aag"
    ],
    "endurance_hours_with_reserve": [
      "aac",
      "aad"
    ],
    "endurance_hours_no_reserve": [
      "aae",
      "aaf"
    ],
    "power_setting_reserve": [
      "aah",
      "aai",
      "aaj"
    ],
    "power_setting_no_reserve": [
      "aak",
      "aal",
      "aam"
    ]
  },
  "scales": {
    "aab": 0.0,
    "aag": 25000.0,
    "aac": 3.0,
    "aad": 7.0,
    "aae": 4.0,
    "aaf": 8.0,
    "aah": 75.0,
    "aai": 65.0,
    "aaj": 55.0,
    "aak": 75.0,
    "aal": 65.0,
    "aam": 55.0
  }
}