{
  "input_elements": {
    "endurance_pressure_altitude_1": {
      "type": "hline",
      "group": "endurance_pressure_altitude"
    },
    "power_setting_reserve_1": {
      "type": "curve",
      "group": "power_setting_reserve"
    },
    "power_setting_no_reserve_1": {
      "type": "curve",
      "group": "power_setting_no_reserve"
    }
  },
  "projected_elements": {},
  "intersections": {
    "mp1423": {
      "elements": [
        "power_setting_reserve_1",
        "endurance_pressure_altitude_1"
      ]
    },
    "mp1423_lines": {
      "x_line": "mp1423_x",
      "y_line": "mp1423_y"
    },
    "mp1641": {
      "elements": [
        "mp1423_x",
        "power_setting_no_reserve_1"
      ]
    },
    "mp1641_lines": {
      "x_line": "mp1641_x",
      "y_line": "mp1641_y"
    },
    "mp1643": {
      "elements": [
        "mp1641_y",
        "aab"
      ]
    },
    "mp1643_lines": {
      "x_line": "mp1643_x",
      "y_line": "mp1643_y"
    },
    "mp1626": {
      "elements": [
        "mp1423_y",
        "aab"
      ]
    },
    "mp1626_lines": {
      "x_line": "mp1626_x",
      "y_line": "mp1626_y"
    }
  },
  "timeline": [
    {
      "type": "input_element",
      "id": "endurance_pressure_altitude_1"
    },
    {
      "type": "input_element",
      "id": "power_setting_reserve_1"
    },
    {
      "type": "input_element",
      "id": "power_setting_no_reserve_1"
    },
    {
      "type": "intersection_selection",
      "id": "mp1423"
    },
    {
      "type": "intersection_selection",
      "id": "mp1641"
    },
    {
      "type": "intersection_selection",
      "id": "mp1643"
    },
    {
      "type": "intersection_selection",
      "id": "mp1626"
    },
    {
      "type": "output_data",
      "mp": "mp1626",
      "group": "endurance_hours_with_reserve"
    },
    {
      "type": "output_data",
      "mp": "mp1643",
      "group": "endurance_hours_no_reserve"
    }
  ],
  "output_data": [
    {
      "mp": "mp1626",
      "group": "endurance_hours_with_reserve"
    },
    {
      "mp": "mp1643",
      "group": "endurance_hours_no_reserve"
    }
  ]
}