{
  "background": "fuel_time_distance_descend.jpg",
  "elements": {
    "aaa": {
      "type": "vline",
      "pos": 218.41786283891548
    },
    "aab": {
      "type": "vline",
      "pos": 865.5215311004785
    },
    "aac": {
      "type": "vline",
      "pos": 541.969696969697
    },
    "aad": {
      "type": "vline",
      "pos": 477.585326953748
    },
    "aae": {
      "type": "hline",
      "pos": 53.78947368421053
    },
    "aaf": {
      "type": "hline",
      "pos": 506.9250398724083
    },
    "aag": {
      "type": "curve",
      "points": [
        [
          220.04784688995215,
          474.32535885167465
        ],
        [
          339.03668261563,
          475.9553429027113
        ],
        [
          472.695374800638,
          473.5103668261563
        ]
      ]
    },
    "aah": {
      "type": "curve",
      "points": [
        [
          220.8628389154705,
          446.61562998405105
        ],
        [
          341.481658692185,
          444.170653907496
        ],
        [
          474.32535885167465,
          438.46570972886764
        ]
      ]
    },
    "aai": {
      "type": "curve",
      "points": [
        [
          221.67783094098883,
          414.8309409888357
        ],
        [
          350.4465709728868,
          410.75598086124404
        ],
        [
          472.695374800638,
          400.97607655502395
        ]
      ]
    },
    "aaj": {
      "type": "curve",
      "points": [
        [
          224.9377990430622,
          384.6762360446571
        ],
        [
          338.2216905901116,
          378.15629984051037
        ],
        [
          471.88038277511964,
          365.11642743221694
        ]
      ]
    },
    "aak": {
      "type": "curve",
      "points": [
        [
          222.4928229665072,
          352.8915470494418
        ],
        [
          380.6012759170654,
          343.1116427432217
        ],
        [
          474.32535885167465,
          331.70175438596493
        ]
      ]
    },
    "aal": {
      "type": "curve",
      "points": [
        [
          222.4928229665072,
          321.92185007974484
        ],
        [
          358.5964912280702,
          310.511961722488
        ],
        [
          470.2503987240829,
          295.0271132376396
        ]
      ]
    },
    "aam": {
      "type": "curve",
      "points": [
        [
          223.30781499202553,
          289.3221690590112
        ],
        [
          347.1866028708134,
          275.46730462519935
        ],
        [
          470.2503987240829,
          258.3524720893142
        ]
      ]
    },
    "aan": {
      "type": "curve",
      "points": [
        [
          224.9377990430622,
          255.90749601275917
        ],
        [
          351.2615629984051,
          242.05263157894737
        ],
        [
          472.695374800638,
          223.30781499202553
        ]
      ]
    },
    "aao": {
      "type": "curve",
      "points": [
        [
          222.4928229665072,
          224.12280701754386
        ],
        [
          344.74162679425837,
          207.0079744816587
        ],
        [
          471.0653907496013,
          185.00318979266348
        ]
      ]
    },
    "aap": {
      "type": "curve",
      "points": [
        [
          222.4928229665072,
          189.89314194577352
        ],
        [
          314.58692185007976,
          176.85326953748006
        ],
        [
          411.5709728867624,
          160.55342902711325
        ]
      ]
    },
    "aaq": {
      "type": "curve",
      "points": [
        [
          221.67783094098883,
          155.66347687400318
        ],
        [
          345.5566188197767,
          134.47368421052633
        ]
      ]
    },
    "aar": {
      "type": "curve",
      "points": [
        [
          221.67783094098883,
          123.87878787878788
        ],
        [
          244.4976076555024,
          118.98883572567783
        ]
      ]
    },
    "aas": {
      "type": "curve",
      "points": [
        [
          567.2344497607655,
          119.80382775119617
        ],
        [
          541.969696969697,
          510.18500797448166
        ]
      ]
    },
    "aat": {
      "type": "curve",
      "points": [
        [
          620.2089314194577,
          118.98883572567783
        ],
        [
          587.609250398724,
          261.6124401913876
        ],
        [
          539.524720893142,
          523.2248803827752
        ]
      ]
    },
    "aau": {
      "type": "curve",
      "points": [
        [
          768.5374800637959,
          118.98883572567783
        ],
        [
          682.96331738437,
          222.4928229665072
        ],
        [
          531.3748006379585,
          528.1148325358852
        ]
      ]
    }
  },
  "groups": {
    "descent_outside_air_temperature": [
      "aaa",
      "aad"
    ],
    "descent_fuel_time_distance_descend_curves": [
      "aab",
      "aac"
    ],
    "descent_pressure_altitude": [
      "aag",
      "aah",
      "aai",
      "aaj",
      "aak",
      "aal",
      "aam",
      "aan",
      "aao",
      "aap",
      "aaq",
      "aar"
    ]
  },
  "scales": {
    "aaa": -40.0,
    "aad": 40.0,
    "aac": 0.0,
    "aab": 100.0,
    "aag": 2000.0,
    "aah": 4000.0,
    "aai": 6000.0,
    "aaj": 8000.0,
    "aak": 10000.0,
    "aal": 12000.0,
    "aam": 14000.0,
    "aan": 16000.0,
    "aao": 18000.0,
    "aap": 20000.0,
    "aaq": 22000.0,
    "aar": 24000.0
  }
}