{
  "input_elements": {
    "descent_pressure_altitude_1": {
      "type": "curve",
      "group": "descent_pressure_altitude"
    },
    "descent_outside_air_temperature_1": {
      "type": "vline",
      "group": "descent_outside_air_temperature"
    }
  },
  "projected_elements": {},
  "intersections": {
    "mp2443": {
      "elements": [
        "descent_outside_air_temperature_1",
        "descent_pressure_altitude_1"
      ]
    },
    "mp2443_lines": {
      "x_line": "mp2443_x",
      "y_line": "mp2443_y"
    },
    "mp2661": {
      "elements": [
        "mp2443_x",
        "aas"
      ]
    },
    "mp2661_lines": {
      "x_line": "mp2661_x",
      "y_line": "mp2661_y"
    },
    "mp2662": {
      "elements": [
        "mp2443_x",
        "aat"
      ]
    },
    "mp2662_lines": {
      "x_line": "mp2662_x",
      "y_line": "mp2662_y"
    },
    "mp2663": {
      "elements": [
        "mp2443_x",
        "aau"
      ]
    },
    "mp2663_lines": {
      "x_line": "mp2663_x",
      "y_line": "mp2663_y"
    },
    "mp2672": {
      "elements": [
        "mp2661_y",
        "aaf"
      ]
    },
    "mp2672_lines": {
      "x_line": "mp2672_x",
      "y_line": "mp2672_y"
    },
    "mp2687": {
      "elements": [
        "mp2662_y",
        "aaf"
      ]
    },
    "mp2687_lines": {
      "x_line": "mp2687_x",
      "y_line": "mp2687_y"
    },
    "mp2701": {
      "elements": [
        "mp2663_y",
        "aaf"
      ]
    },
    "mp2701_lines": {
      "x_line": "mp2701_x",
      "y_line": "mp2701_y"
    }
  },
  "timeline": [
    {
      "type": "input_element",
      "id": "descent_pressure_altitude_1"
    },
    {
      "type": "input_element",
      "id": "descent_outside_air_temperature_1"
    },
    {
      "type": "intersection_selection",
      "id": "mp2443"
    },
    {
      "type": "intersection_selection",
      "id": "mp2661"
    },
    {
      "type": "intersection_selection",
      "id": "mp2662"
    },
    {
      "type": "intersection_selection",
      "id": "mp2663"
    },
    {
      "type": "intersection_selection",
      "id": "mp2672"
    },
    {
      "type": "intersection_selection",
      "id": "mp2687"
    },
    {
      "type": "intersection_selection",
      "id": "mp2701"
    },
    {
      "type": "output_data",
      "mp": "mp2672",
      "group": "descent_fuel_time_distance_descend_curves"
    },
    {
      "type": "output_data",
      "mp": "mp2687",
      "group": "descent_fuel_time_distance_descend_curves"
    },
    {
      "type": "output_data",
      "mp": "mp2701",
      "group": "descent_fuel_time_distance_descend_curves"
    }
  ],
  "output_data": [
    {
      "mp": "mp2672",
      "group": "descent_fuel_time_distance_descend_curves"
    },
    {
      "mp": "mp2687",
      "group": "descent_fuel_time_distance_descend_curves"
    },
    {
      "mp": "mp2701",
      "group": "descent_fuel_time_distance_descend_curves"
    }
  ]
}