{
  "background": "fuel_time_distance_climb.jpg",
  "elements": {
    "aaa": {
      "type": "hline",
      "pos": 740.0980861244019
    },
    "aab": {
      "type": "hline",
      "pos": 62.301435406698566
    },
    "aac": {
      "type": "vline",
      "pos": 296.4688995215311
    },
    "aad": {
      "type": "vline",
      "pos": 1148.27990430622
    },
    "aae": {
      "type": "vline",
      "pos": 636.9784688995215
    },
    "aaf": {
      "type": "vline",
      "pos": 721.8373205741627
    },
    "aag": {
      "type": "curve",
      "points": [
        [
          299.6913875598086,
          701.4282296650717
        ],
        [
          470.48325358851673,
          701.4282296650717
        ],
        [
          630.5334928229665,
          692.834928229665
        ]
      ]
    },
    "aah": {
      "type": "curve",
      "points": [
        [
          300.76555023923447,
          661.6842105263158
        ],
        [
          421.0717703349282,
          657.3875598086124
        ],
        [
          547.8229665071771,
          656.3133971291866
        ],
        [
          621.9401913875598,
          647.7200956937799
        ]
      ]
    },
    "aai": {
      "type": "curve",
      "points": [
        [
          298.61722488038276,
          621.9401913875598
        ],
        [
          404.9593301435407,
          620.866028708134
        ],
        [
          500.5598086124402,
          612.2727272727273
        ],
        [
          602.6052631578947,
          601.5311004784689
        ]
      ]
    },
    "aaj": {
      "type": "curve",
      "points": [
        [
          300.76555023923447,
          588.6411483253588
        ],
        [
          438.25837320574163,
          575.7511961722488
        ],
        [
          584.3444976076555,
          555.3421052631579
        ]
      ]
    },
    "aak": {
      "type": "curve",
      "points": [
        [
          301.83971291866027,
          546.7488038277512
        ],
        [
          433.9617224880383,
          532.7846889952153
        ],
        [
          565.0095693779904,
          507.0047846889952
        ]
      ]
    },
    "aal": {
      "type": "curve",
      "points": [
        [
          300.76555023923447,
          508.07894736842104
        ],
        [
          416.7751196172249,
          491.96650717703346
        ],
        [
          545.6746411483253,
          454.3708133971292
        ]
      ]
    },
    "aam": {
      "type": "curve",
      "points": [
        [
          300.76555023923447,
          469.4090909090909
        ],
        [
          407.10765550239233,
          446.85167464114835
        ],
        [
          525.2655502392345,
          406.0334928229665
        ]
      ]
    },
    "aan": {
      "type": "curve",
      "points": [
        [
          300.76555023923447,
          436.1100478468899
        ],
        [
          395.2918660287081,
          408.1818181818182
        ],
        [
          505.9306220095694,
          354.4736842105263
        ]
      ]
    },
    "aao": {
      "type": "curve",
      "points": [
        [
          300.76555023923447,
          394.2177033492823
        ],
        [
          390.99521531100476,
          359.8444976076555
        ],
        [
          484.4473684210526,
          308.28468899521533
        ]
      ]
    },
    "aap": {
      "type": "curve",
      "points": [
        [
          300.76555023923447,
          351.2511961722488
        ],
        [
          426.4425837320574,
          287.8755980861244
        ],
        [
          466.1866028708134,
          257.79904306220095
        ]
      ]
    },
    "aaq": {
      "type": "curve",
      "points": [
        [
          305.0622009569378,
          296.4688995215311
        ],
        [
          380.2535885167464,
          259.94736842105266
        ],
        [
          453.29665071770336,
          216.98086124401914
        ]
      ]
    },
    "aar": {
      "type": "curve",
      "points": [
        [
          301.83971291866027,
          245.98325358851673
        ],
        [
          375.95693779904303,
          207.3133971291866
        ]
      ]
    },
    "aas": {
      "type": "curve",
      "points": [
        [
          799.1770334928229,
          208.38755980861245
        ],
        [
          755.1363636363636,
          464.0382775119617
        ],
        [
          721.8373205741627,
          741.1722488038278
        ]
      ]
    },
    "aat": {
      "type": "curve",
      "points": [
        [
          896.9258373205741,
          207.3133971291866
        ],
        [
          831.4019138755981,
          259.94736842105266
        ],
        [
          778.7679425837321,
          339.4354066985646
        ],
        [
          754.0622009569378,
          502.7081339712919
        ],
        [
          719.688995215311,
          754.0622009569378
        ]
      ]
    },
    "aau": {
      "type": "curve",
      "points": [
        [
          1049.456937799043,
          209.46172248803828
        ],
        [
          909.8157894736842,
          270.688995215311
        ],
        [
          856.1076555023924,
          317.95215311004785
        ],
        [
          809.9186602870814,
          380.2535885167464
        ],
        [
          759.4330143540669,
          587.566985645933
        ],
        [
          716.4665071770335,
          768.0263157894736
        ]
      ]
    }
  },
  "groups": {
    "climb_outside_air_temperature": [
      "aac",
      "aae"
    ],
    "time_distance_fuel_climb_curves": [
      "aad",
      "aaf"
    ],
    "climb_pressure_altitude": [
      "aag",
      "aah",
      "aai",
      "aaj",
      "aak",
      "aal",
      "aam",
      "aan",
      "aao",
      "aap",
      "aaq",
      "aar"
    ]
  },
  "scales": {
    "aac": -40.0,
    "aae": 40.0,
    "aaf": 0.0,
    "aad": 100.0,
    "aag": 2000.0,
    "aah": 4000.0,
    "aai": 6000.0,
    "aaj": 8000.0,
    "aak": 10000.0,
    "aal": 12000.0,
    "aam": 14000.0,
    "aan": 16000.0,
    "aao": 18000.0,
    "aap": 20000.0,
    "aaq": 22000.0,
    "aar": 24000.0
  }
}