{
  "input_elements": {
    "climb_outside_air_temperature_1": {
      "type": "vline",
      "group": "climb_outside_air_temperature"
    },
    "climb_pressure_altitude_1": {
      "type": "curve",
      "group": "climb_pressure_altitude"
    }
  },
  "projected_elements": {},
  "intersections": {
    "mp1042": {
      "elements": [
        "climb_pressure_altitude_1",
        "climb_outside_air_temperature_1"
      ]
    },
    "mp1042_lines": {
      "x_line": "mp1042_x",
      "y_line": "mp1042_y"
    },
    "mp1261": {
      "elements": [
        "mp1042_x",
        "aas"
      ]
    },
    "mp1261_lines": {
      "x_line": "mp1261_x",
      "y_line": "mp1261_y"
    },
    "mp1262": {
      "elements": [
        "mp1042_x",
        "aat"
      ]
    },
    "mp1262_lines": {
      "x_line": "mp1262_x",
      "y_line": "mp1262_y"
    },
    "mp1263": {
      "elements": [
        "mp1042_x",
        "aau"
      ]
    },
    "mp1263_lines": {
      "x_line": "mp1263_x",
      "y_line": "mp1263_y"
    },
    "mp1267": {
      "elements": [
        "mp1261_y",
        "aaa"
      ]
    },
    "mp1267_lines": {
      "x_line": "mp1267_x",
      "y_line": "mp1267_y"
    },
    "mp1482": {
      "elements": [
        "mp1262_y",
        "aaa"
      ]
    },
    "mp1482_lines": {
      "x_line": "mp1482_x",
      "y_line": "mp1482_y"
    },
    "mp1696": {
      "elements": [
        "mp1263_y",
        "aaa"
      ]
    },
    "mp1696_lines": {
      "x_line": "mp1696_x",
      "y_line": "mp1696_y"
    }
  },
  "timeline": [
    {
      "type": "input_element",
      "id": "climb_outside_air_temperature_1"
    },
    {
      "type": "input_element",
      "id": "climb_pressure_altitude_1"
    },
    {
      "type": "intersection_selection",
      "id": "mp1042"
    },
    {
      "type": "intersection_selection",
      "id": "mp1261"
    },
    {
      "type": "intersection_selection",
      "id": "mp1262"
    },
    {
      "type": "intersection_selection",
      "id": "mp1263"
    },
    {
      "type": "intersection_selection",
      "id": "mp1267"
    },
    {
      "type": "intersection_selection",
      "id": "mp1482"
    },
    {
      "type": "intersection_selection",
      "id": "mp1696"
    },
    {
      "type": "output_data",
      "mp": "mp1267",
      "group": "time_distance_fuel_climb_curves"
    },
    {
      "type": "output_data",
      "mp": "mp1482",
      "group": "time_distance_fuel_climb_curves"
    },
    {
      "type": "output_data",
      "mp": "mp1696",
      "group": "time_distance_fuel_climb_curves"
    }
  ],
  "output_data": [
    {
      "mp": "mp1267",
      "group": "time_distance_fuel_climb_curves"
    },
    {
      "mp": "mp1482",
      "group": "time_distance_fuel_climb_curves"
    },
    {
      "mp": "mp1696",
      "group": "time_distance_fuel_climb_curves"
    }
  ]
}