{
  "background": "landing_distance_required.jpg",
  "elements": {
    "aaa": {
      "type": "vline",
      "pos": 173.4928229665072
    },
    "aab": {
      "type": "vline",
      "pos": 432.079744816587
    },
    "aac": {
      "type": "vline",
      "pos": 495.69377990430627
    },
    "aad": {
      "type": "vline",
      "pos": 690.6666666666667
    },
    "aae": {
      "type": "vline",
      "pos": 722.8867623604466
    },
    "aaf": {
      "type": "vline",
      "pos": 820.3732057416269
    },
    "aag": {
      "type": "vline",
      "pos": 884.8133971291867
    },
    "aah": {
      "type": "hline",
      "pos": 85.92025518341309
    },
    "aai": {
      "type": "hline",
      "pos": 539.4800637958533
    },
    "aaj": {
      "type": "curve",
      "points": [
        [
          175.9712918660287,
          452.7336523125997
        ],
        [
          299.89473684210526,
          423.81818181818187
        ],
        [
          430.4274322169059,
          385.8149920255184
        ]
      ]
    },
    "aak": {
      "type": "curve",
      "points": [
        [
          175.1451355661882,
          436.2105263157895
        ],
        [
          293.2854864433812,
          407.29505582137165
        ],
        [
          428.7751196172249,
          368.46570972886764
        ]
      ]
    },
    "aal": {
      "type": "curve",
      "points": [
        [
          175.9712918660287,
          418.0350877192983
        ],
        [
          304.85167464114835,
          388.2934609250399
        ],
        [
          427.1228070175439,
          347.8118022328549
        ]
      ]
    },
    "aam": {
      "type": "curve",
      "points": [
        [
          176.79744816586924,
          403.1642743221691
        ],
        [
          300.7208931419458,
          370.11802232854865
        ],
        [
          427.1228070175439,
          325.5055821371611
        ]
      ]
    },
    "aan": {
      "type": "curve",
      "points": [
        [
          177.62360446570975,
          384.98883572567786
        ],
        [
          304.85167464114835,
          350.2902711323764
        ],
        [
          425.4704944178629,
          300.7208931419458
        ]
      ]
    },
    "aao": {
      "type": "curve",
      "points": [
        [
          499.8245614035088,
          434.55821371610847
        ],
        [
          684.0574162679426,
          500.6507177033493
        ]
      ]
    },
    "aap": {
      "type": "curve",
      "points": [
        [
          500.6507177033493,
          408.1212121212121
        ],
        [
          685.7097288676237,
          484.12759170653914
        ]
      ]
    },
    "aaq": {
      "type": "curve",
      "points": [
        [
          499.8245614035088,
          381.68421052631584
        ],
        [
          685.7097288676237,
          466.7783094098884
        ]
      ]
    },
    "aar": {
      "type": "curve",
      "points": [
        [
          501.47687400318983,
          354.42105263157896
        ],
        [
          685.7097288676237,
          449.4290271132377
        ]
      ]
    },
    "aas": {
      "type": "curve",
      "points": [
        [
          499.8245614035088,
          327.15789473684214
        ],
        [
          684.0574162679426,
          428.7751196172249
        ]
      ]
    },
    "aat": {
      "type": "curve",
      "points": [
        [
          499.8245614035088,
          302.3732057416268
        ],
        [
          684.8835725677832,
          407.29505582137165
        ]
      ]
    },
    "aau": {
      "type": "curve",
      "points": [
        [
          728.6698564593302,
          465.9521531100479
        ],
        [
          816.2424242424242,
          504.78149920255186
        ]
      ]
    },
    "aav": {
      "type": "curve",
      "points": [
        [
          727.0175438596492,
          437.03668261563
        ],
        [
          814.5901116427433,
          479.17065390749605
        ]
      ]
    },
    "aaw": {
      "type": "curve",
      "points": [
        [
          726.1913875598086,
          408.1212121212121
        ],
        [
          813.7639553429028,
          454.3859649122807
        ]
      ]
    },
    "aax": {
      "type": "curve",
      "points": [
        [
          726.1913875598086,
          383.33652312599685
        ],
        [
          814.5901116427433,
          431.25358851674645
        ]
      ]
    },
    "aay": {
      "type": "curve",
      "points": [
        [
          727.0175438596492,
          357.72567783094104
        ],
        [
          814.5901116427433,
          406.4688995215311
        ]
      ]
    },
    "aaz": {
      "type": "curve",
      "points": [
        [
          727.8437001594897,
          329.6363636363637
        ],
        [
          812.9377990430622,
          382.5103668261563
        ]
      ]
    },
    "aba": {
      "type": "curve",
      "points": [
        [
          727.0175438596492,
          303.19936204146734
        ],
        [
          815.4162679425838,
          357.72567783094104
        ]
      ]
    },
    "abb": {
      "type": "curve",
      "points": [
        [
          727.0175438596492,
          275.11004784689
        ],
        [
          813.7639553429028,
          332.9409888357257
        ]
      ]
    },
    "abc": {
      "type": "curve",
      "points": [
        [
          823.6778309409889,
          496.51993620414675
        ],
        [
          880.6826156299841,
          354.42105263157896
        ]
      ]
    },
    "abd": {
      "type": "curve",
      "points": [
        [
          824.5039872408294,
          443.6459330143541
        ],
        [
          878.2041467304626,
          285.8500797448166
        ]
      ]
    },
    "abe": {
      "type": "curve",
      "points": [
        [
          824.5039872408294,
          384.98883572567786
        ],
        [
          878.2041467304626,
          203.23444976076556
        ]
      ]
    },
    "abf": {
      "type": "curve",
      "points": [
        [
          823.6778309409889,
          323.85326953748006
        ],
        [
          881.5087719298247,
          102.4433811802233
        ]
      ]
    },
    "abg": {
      "type": "curve",
      "points": [
        [
          823.6778309409889,
          257.7607655502392
        ],
        [
          881.5087719298247,
          -4.956937799043063
        ]
      ]
    },
    "abh": {
      "type": "curve",
      "points": [
        [
          728.6698564593302,
          454.3859649122807
        ],
        [
          755.1068580542266,
          413.90430622009575
        ]
      ]
    },
    "abi": {
      "type": "curve",
      "points": [
        [
          728.6698564593302,
          427.9489633173844
        ],
        [
          753.4545454545455,
          388.2934609250399
        ]
      ]
    },
    "abj": {
      "type": "curve",
      "points": [
        [
          727.8437001594897,
          399.03349282296654
        ],
        [
          754.280701754386,
          355.2472089314195
        ]
      ]
    },
    "abk": {
      "type": "curve",
      "points": [
        [
          727.8437001594897,
          372.5964912280702
        ],
        [
          754.280701754386,
          328.81020733652315
        ]
      ]
    },
    "abl": {
      "type": "curve",
      "points": [
        [
          727.0175438596492,
          347.8118022328549
        ],
        [
          754.280701754386,
          298.24242424242425
        ]
      ]
    },
    "abm": {
      "type": "curve",
      "points": [
        [
          728.6698564593302,
          315.591706539075
        ],
        [
          751.8022328548645,
          268.5007974481659
        ]
      ]
    },
    "abn": {
      "type": "curve",
      "points": [
        [
          727.0175438596492,
          291.6331738437002
        ],
        [
          754.280701754386,
          238.75917065390752
        ]
      ]
    }
  },
  "groups": {
    "landing_distance_required_feet": [
      "aai",
      "aah"
    ],
    "landing_outside_air_temperature": [
      "aaa",
      "aab"
    ],
    "landing_weight": [
      "aac",
      "aad"
    ],
    "landing_head_tail_wind_component": [
      "aae",
      "aaf"
    ],
    "landing_pressure_altitude": [
      "aaj",
      "aak",
      "aal",
      "aam",
      "aan"
    ],
    "landing_weight_projection": [
      "aao",
      "aap",
      "aaq",
      "aar",
      "aas",
      "aat"
    ],
    "landing_headwind": [
      "aau",
      "aav",
      "aaw",
      "aax",
      "aay",
      "aaz",
      "aba",
      "abb"
    ],
    "landing_tailwind": [
      "abh",
      "abi",
      "abj",
      "abk",
      "abl",
      "abm",
      "abn"
    ],
    "landing_velocity_curves": [
      "abc",
      "abd",
      "abe",
      "abf",
      "abg"
    ]
  },
  "scales": {
    "aah": 3400.0,
    "aai": 600.0,
    "aaa": -40.0,
    "aab": 40.0,
    "aac": 4500.0,
    "aad": 3000.0,
    "aae": 0.0,
    "aaf": 15.0,
    "aaj": 0.0,
    "aak": 2000.0,
    "aal": 4000.0,
    "aam": 6000.0,
    "aan": 8000.0,
    "aao": 1.0,
    "aap": 2.0,
    "aaq": 3.0,
    "aar": 4.0,
    "aas": 5.0,
    "aat": 6.0,
    "aau": 1.0,
    "aav": 2.0,
    "aaw": 3.0,
    "aax": 4.0,
    "aay": 5.0,
    "aaz": 6.0,
    "aba": 7.0,
    "abb": 8.0,
    "abh": 1.0,
    "abi": 2.0,
    "abj": 3.0,
    "abk": 4.0,
    "abl": 5.0,
    "abm": 6.0,
    "abn": 7.0,
    "abc": 1.0,
    "abd": 2.0,
    "abe": 3.0,
    "abf": 4.0,
    "abg": 5.0
  }
}