{
  "input_elements": {
    "landing_outside_air_temperature_1": {
      "type": "vline",
      "group": "landing_outside_air_temperature"
    },
    "landing_pressure_altitude_1": {
      "type": "curve",
      "group": "landing_pressure_altitude"
    },
    "landing_weight_1": {
      "type": "vline",
      "group": "landing_weight"
    },
    "landing_head_tail_wind_component_1": {
      "type": "vline",
      "group": "landing_head_tail_wind_component"
    }
  },
  "projected_elements": {
    "landing_weight_projection_1": {
      "type": "curve",
      "group": "landing_weight_projection",
      "source_mp": "mp9896",
      "base_line": "aac"
    },
    "landing_headwind_1": {
      "type": "curve",
      "group": "landing_headwind",
      "source_mp": "mp10951",
      "base_line": "aae"
    },
    "landing_velocity_curves_1": {
      "type": "curve",
      "group": "landing_velocity_curves",
      "source_mp": "mp12236",
      "base_line": "aaf"
    }
  },
  "intersections": {
    "mp8875": {
      "elements": [
        "landing_pressure_altitude_1",
        "landing_outside_air_temperature_1"
      ]
    },
    "mp8875_lines": {
      "x_line": "mp8875_x",
      "y_line": "mp8875_y"
    },
    "mp9896": {
      "elements": [
        "mp8875_x",
        "aac"
      ]
    },
    "mp9896_lines": {
      "x_line": "mp9896_x",
      "y_line": "mp9896_y"
    },
    "mp10943": {
      "elements": [
        "landing_weight_projection_1",
        "landing_weight_1"
      ]
    },
    "mp10943_lines": {
      "x_line": "mp10943_x",
      "y_line": "mp10943_y"
    },
    "mp10951": {
      "elements": [
        "mp10943_x",
        "aae"
      ]
    },
    "mp10951_lines": {
      "x_line": "mp10951_x",
      "y_line": "mp10951_y"
    },
    "mp12227": {
      "elements": [
        "landing_headwind_1",
        "landing_head_tail_wind_component_1"
      ]
    },
    "mp12227_lines": {
      "x_line": "mp12227_x",
      "y_line": "mp12227_y"
    },
    "mp12236": {
      "elements": [
        "mp12227_x",
        "aaf"
      ]
    },
    "mp12236_lines": {
      "x_line": "mp12236_x",
      "y_line": "mp12236_y"
    },
    "mp16702": {
      "elements": [
        "landing_velocity_curves_1",
        "aag"
      ]
    },
    "mp16702_lines": {
      "x_line": "mp16702_x",
      "y_line": "mp16702_y"
    }
  },
  "timeline": [
    {
      "type": "input_element",
      "id": "landing_outside_air_temperature_1"
    },
    {
      "type": "input_element",
      "id": "landing_pressure_altitude_1"
    },
    {
      "type": "input_element",
      "id": "landing_weight_1"
    },
    {
      "type": "input_element",
      "id": "landing_head_tail_wind_component_1"
    },
    {
      "type": "intersection_selection",
      "id": "mp8875"
    },
    {
      "type": "intersection_selection",
      "id": "mp9896"
    },
    {
      "type": "projection",
      "id": "landing_weight_projection_1"
    },
    {
      "type": "intersection_selection",
      "id": "mp10943"
    },
    {
      "type": "intersection_selection",
      "id": "mp10951"
    },
    {
      "type": "projection",
      "id": "landing_headwind_1"
    },
    {
      "type": "intersection_selection",
      "id": "mp12227"
    },
    {
      "type": "intersection_selection",
      "id": "mp12236"
    },
    {
      "type": "projection",
      "id": "landing_velocity_curves_1"
    },
    {
      "type": "intersection_selection",
      "id": "mp16702"
    },
    {
      "type": "output_data",
      "mp": "mp16702",
      "group": "landing_distance_required_feet"
    }
  ],
  "output_data": [
    {
      "mp": "mp16702",
      "group": "landing_distance_required_feet"
    }
  ]
}