{
  "input_elements": {
    "cruise_pressure_altitude_1": {
      "type": "hline",
      "group": "cruise_pressure_altitude"
    },
    "power_setting_reserve_1": {
      "type": "curve",
      "group": "power_setting_reserve"
    },
    "power_setting_no_reserve_1": {
      "type": "curve",
      "group": "power_setting_no_reserve"
    }
  },
  "projected_elements": {},
  "intersections": {
    "mp1619": {
      "elements": [
        "power_setting_reserve_1",
        "cruise_pressure_altitude_1"
      ]
    },
    "mp1619_lines": {
      "x_line": "mp1619_x",
      "y_line": "mp1619_y"
    },
    "mp1820": {
      "elements": [
        "power_setting_no_reserve_1",
        "cruise_pressure_altitude_1"
      ]
    },
    "mp1820_lines": {
      "x_line": "mp1820_x",
      "y_line": "mp1820_y"
    },
    "mp1826": {
      "elements": [
        "mp1619_y",
        "aaf"
      ]
    },
    "mp1826_lines": {
      "x_line": "mp1826_x",
      "y_line": "mp1826_y"
    },
    "mp1843": {
      "elements": [
        "mp1820_y",
        "aaf"
      ]
    },
    "mp1843_lines": {
      "x_line": "mp1843_x",
      "y_line": "mp1843_y"
    }
  },
  "timeline": [
    {
      "type": "input_element",
      "id": "cruise_pressure_altitude_1"
    },
    {
      "type": "input_element",
      "id": "power_setting_reserve_1"
    },
    {
      "type": "input_element",
      "id": "power_setting_no_reserve_1"
    },
    {
      "type": "intersection_selection",
      "id": "mp1619"
    },
    {
      "type": "intersection_selection",
      "id": "mp1820"
    },
    {
      "type": "intersection_selection",
      "id": "mp1826"
    },
    {
      "type": "intersection_selection",
      "id": "mp1843"
    },
    {
      "type": "output_data",
      "mp": "mp1843",
      "group": "range_no_reserve_nautical_miles"
    },
    {
      "type": "output_data",
      "mp": "mp1826",
      "group": "range_with_reserve_nautical_miles"
    }
  ],
  "output_data": [
    {
      "mp": "mp1843",
      "group": "range_no_reserve_nautical_miles"
    },
    {
      "mp": "mp1826",
      "group": "range_with_reserve_nautical_miles"
    }
  ]
}