{
  "input_elements": {
    "cruise_pressure_altitude_1": {
      "type": "hline",
      "group": "cruise_pressure_altitude"
    },
    "power_setting_reserve_1": {
      "type": "curve",
      "group": "power_setting_reserve"
    },
    "power_setting_no_reserve_1": {
      "type": "curve",
      "group": "power_setting_no_reserve"
    }
  },
  "projected_elements": {},
  "intersections": {
    "mp1419": {
      "elements": [
        "power_setting_reserve_1",
        "cruise_pressure_altitude_1"
      ]
    },
    "mp1419_lines": {
      "x_line": "mp1419_x",
      "y_line": "mp1419_y"
    },
    "mp1620": {
      "elements": [
        "power_setting_no_reserve_1",
        "cruise_pressure_altitude_1"
      ]
    },
    "mp1620_lines": {
      "x_line": "mp1620_x",
      "y_line": "mp1620_y"
    },
    "mp1626": {
      "elements": [
        "mp1419_y",
        "aaf"
      ]
    },
    "mp1626_lines": {
      "x_line": "mp1626_x",
      "y_line": "mp1626_y"
    },
    "mp1643": {
      "elements": [
        "mp1620_y",
        "aaf"
      ]
    },
    "mp1643_lines": {
      "x_line": "mp1643_x",
      "y_line": "mp1643_y"
    }
  },
  "timeline": [
    {
      "type": "input_element",
      "id": "cruise_pressure_altitude_1"
    },
    {
      "type": "input_element",
      "id": "power_setting_reserve_1"
    },
    {
      "type": "input_element",
      "id": "power_setting_no_reserve_1"
    },
    {
      "type": "intersection_selection",
      "id": "mp1419"
    },
    {
      "type": "intersection_selection",
      "id": "mp1620"
    },
    {
      "type": "intersection_selection",
      "id": "mp1626"
    },
    {
      "type": "intersection_selection",
      "id": "mp1643"
    },
    {
      "type": "output_data",
      "mp": "mp1626",
      "group": "range_reserve"
    },
    {
      "type": "output_data",
      "mp": "mp1643",
      "group": "range_no_reserve"
    }
  ],
  "output_data": [
    {
      "mp": "mp1626",
      "group": "range_reserve"
    },
    {
      "mp": "mp1643",
      "group": "range_no_reserve"
    }
  ]
}