{
  "background": "range_cruise.jpg",
  "elements": {
    "aaa": {
      "type": "vline",
      "pos": 239.54066985645935
    },
    "aab": {
      "type": "vline",
      "pos": 434.9992025518342
    },
    "aac": {
      "type": "vline",
      "pos": 564.750398724083
    },
    "aad": {
      "type": "vline",
      "pos": 889.128389154705
    },
    "aae": {
      "type": "hline",
      "pos": 68.20255183413079
    },
    "aaf": {
      "type": "hline",
      "pos": 522.3317384370016
    },
    "aag": {
      "type": "curve",
      "points": [
        [
          281.1275917065391,
          302.75279106858056
        ],
        [
          274.4736842105263,
          398.402711323764
        ],
        [
          256.17543859649123,
          517.3413078149921
        ]
      ]
    },
    "aah": {
      "type": "curve",
      "points": [
        [
          336.02232854864434,
          291.9401913875598
        ],
        [
          331.03189792663477,
          394.244019138756
        ],
        [
          311.0701754385965,
          519.0047846889952
        ]
      ]
    },
    "aai": {
      "type": "curve",
      "points": [
        [
          390.9170653907496,
          238.70893141945774
        ],
        [
          384.2631578947369,
          363.469696969697
        ],
        [
          357.6475279106858,
          516.5095693779905
        ]
      ]
    },
    "aaj": {
      "type": "curve",
      "points": [
        [
          659.5685805422647,
          291.1084529505582
        ],
        [
          651.2511961722488,
          384.2631578947369
        ],
        [
          620.4768740031898,
          519.8365231259968
        ]
      ]
    },
    "aak": {
      "type": "curve",
      "points": [
        [
          726.939393939394,
          289.44497607655506
        ],
        [
          720.2854864433812,
          372.61881977671453
        ],
        [
          687.0159489633174,
          520.6682615629984
        ]
      ]
    },
    "aal": {
      "type": "curve",
      "points": [
        [
          791.8149920255183,
          239.54066985645935
        ],
        [
          771.0215311004785,
          386.75837320574163
        ],
        [
          742.7424242424242,
          514.8460925039873
        ]
      ]
    }
  },
  "groups": {
    "cruise_pressure_altitude": [
      "aae",
      "aaf"
    ],
    "range_reserve": [
      "aaa",
      "aab"
    ],
    "range_no_reserve": [
      "aac",
      "aad"
    ],
    "power_setting_reserve": [
      "aag",
      "aah",
      "aai"
    ],
    "power_setting_no_reserve": [
      "aaj",
      "aak",
      "aal"
    ]
  },
  "scales": {
    "aae": 35000.0,
    "aaf": 0.0,
    "aaa": 400.0,
    "aab": 700.0,
    "aac": 400.0,
    "aad": 900.0,
    "aag": 75.0,
    "aah": 65.0,
    "aai": 55.0,
    "aaj": 75.0,
    "aak": 65.0,
    "aal": 55.0
  }
}