{
  "background": "range_cruise_long_range.jpg",
  "elements": {
    "aaa": {
      "type": "vline",
      "pos": 212.72727272727272
    },
    "aab": {
      "type": "vline",
      "pos": 535.9090909090909
    },
    "aac": {
      "type": "vline",
      "pos": 569.4545454545454
    },
    "aad": {
      "type": "vline",
      "pos": 862.3636363636363
    },
    "aae": {
      "type": "hline",
      "pos": 73.63636363636363
    },
    "aaf": {
      "type": "hline",
      "pos": 526.9090909090909
    },
    "aag": {
      "type": "curve",
      "points": [
        [
          319.09090909090907,
          306.0
        ],
        [
          299.45454545454544,
          451.6363636363636
        ],
        [
          268.3636363636363,
          526.090909090909
        ]
      ]
    },
    "aah": {
      "type": "curve",
      "points": [
        [
          396.8181818181818,
          295.3636363636363
        ],
        [
          370.6363636363636,
          470.45454545454544
        ],
        [
          347.7272727272727,
          524.4545454545454
        ]
      ]
    },
    "aai": {
      "type": "curve",
      "points": [
        [
          485.18181818181813,
          245.45454545454544
        ],
        [
          427.9090909090909,
          477.81818181818176
        ],
        [
          409.09090909090907,
          523.6363636363636
        ]
      ]
    },
    "aaj": {
      "type": "curve",
      "points": [
        [
          630.8181818181818,
          306.8181818181818
        ],
        [
          603.8181818181818,
          442.6363636363636
        ],
        [
          571.090909090909,
          522.8181818181818
        ]
      ]
    },
    "aak": {
      "type": "curve",
      "points": [
        [
          722.4545454545454,
          293.7272727272727
        ],
        [
          698.7272727272726,
          434.45454545454544
        ],
        [
          657.8181818181818,
          524.4545454545454
        ]
      ]
    },
    "aal": {
      "type": "curve",
      "points": [
        [
          818.1818181818181,
          242.99999999999997
        ],
        [
          770.7272727272726,
          443.45454545454544
        ],
        [
          729.8181818181818,
          523.6363636363636
        ]
      ]
    }
  },
  "groups": {
    "cruise_pressure_altitude": [
      "aae",
      "aaf"
    ],
    "range_with_reserve_nautical_miles": [
      "aaa",
      "aab"
    ],
    "range_no_reserve_nautical_miles": [
      "aac",
      "aad"
    ],
    "power_setting_reserve": [
      "aag",
      "aah",
      "aai"
    ],
    "power_setting_no_reserve": [
      "aaj",
      "aak",
      "aal"
    ]
  },
  "scales": {
    "aae": 35000.0,
    "aaf": 0.0,
    "aaa": 500.0,
    "aab": 1000.0,
    "aac": 650.0,
    "aad": 1100.0,
    "aag": 75.0,
    "aah": 65.0,
    "aai": 55.0,
    "aaj": 75.0,
    "aak": 65.0,
    "aal": 55.0
  }
}