{
  "input_elements": {
    "takeoff_outside_air_temperature_1": {
      "type": "vline",
      "group": "takeoff_outside_air_temperature"
    },
    "takeoff_pressure_altitude_1": {
      "type": "curve",
      "group": "takeoff_pressure_altitude"
    },
    "weight_multi_engine_1": {
      "type": "curve",
      "group": "weight_multi_engine"
    },
    "weight_single_engine_1": {
      "type": "curve",
      "group": "weight_single_engine"
    }
  },
  "projected_elements": {},
  "intersections": {
    "mp4034": {
      "elements": [
        "takeoff_pressure_altitude_1",
        "takeoff_outside_air_temperature_1"
      ]
    },
    "mp4034_lines": {
      "x_line": "mp4034_x",
      "y_line": "mp4034_y"
    },
    "mp4464": {
      "elements": [
        "weight_multi_engine_1",
        "mp4034_x"
      ]
    },
    "mp4464_lines": {
      "x_line": "mp4464_x",
      "y_line": "mp4464_y"
    },
    "mp4666": {
      "elements": [
        "weight_single_engine_1",
        "mp4034_x"
      ]
    },
    "mp4666_lines": {
      "x_line": "mp4666_x",
      "y_line": "mp4666_y"
    },
    "mp4674": {
      "elements": [
        "mp4464_y",
        "aah"
      ]
    },
    "mp4674_lines": {
      "x_line": "mp4674_x",
      "y_line": "mp4674_y"
    },
    "mp4895": {
      "elements": [
        "mp4666_y",
        "aah"
      ]
    },
    "mp4895_lines": {
      "x_line": "mp4895_x",
      "y_line": "mp4895_y"
    }
  },
  "timeline": [
    {
      "type": "input_element",
      "id": "takeoff_outside_air_temperature_1"
    },
    {
      "type": "input_element",
      "id": "takeoff_pressure_altitude_1"
    },
    {
      "type": "intersection_selection",
      "id": "mp4034"
    },
    {
      "type": "input_element",
      "id": "weight_multi_engine_1"
    },
    {
      "type": "input_element",
      "id": "weight_single_engine_1"
    },
    {
      "type": "intersection_selection",
      "id": "mp4464"
    },
    {
      "type": "intersection_selection",
      "id": "mp4666"
    },
    {
      "type": "intersection_selection",
      "id": "mp4674"
    },
    {
      "type": "intersection_selection",
      "id": "mp4895"
    },
    {
      "type": "output_data",
      "mp": "mp4674",
      "group": "rate_of_climb_multi_engine"
    },
    {
      "type": "output_data",
      "mp": "mp4895",
      "group": "rate_of_climb_single_engine"
    }
  ],
  "output_data": [
    {
      "mp": "mp4674",
      "group": "rate_of_climb_multi_engine"
    },
    {
      "mp": "mp4895",
      "group": "rate_of_climb_single_engine"
    }
  ]
}