{
  "background": "takeoff_climb_gear_retracted.jpg",
  "elements": {
    "aaa": {
      "type": "vline",
      "pos": 235.23125996810208
    },
    "aab": {
      "type": "vline",
      "pos": 574.4019138755981
    },
    "aac": {
      "type": "vline",
      "pos": 590.8133971291866
    },
    "aad": {
      "type": "vline",
      "pos": 745.0813397129186
    },
    "aae": {
      "type": "vline",
      "pos": 871.9968102073366
    },
    "aaf": {
      "type": "vline",
      "pos": 1084.2519936204146
    },
    "aag": {
      "type": "hline",
      "pos": 117.06858054226475
    },
    "aah": {
      "type": "hline",
      "pos": 712.2583732057417
    },
    "aai": {
      "type": "curve",
      "points": [
        [
          569.018947368421,
          655.6715789473684
        ],
        [
          424.5978947368421,
          735.1031578947368
        ],
        [
          245.51578947368418,
          863.637894736842
        ]
      ]
    },
    "aaj": {
      "type": "curve",
      "points": [
        [
          557.4652631578947,
          610.9010526315789
        ],
        [
          400.0463157894736,
          690.3326315789473
        ],
        [
          242.6273684210526,
          807.3136842105263
        ]
      ]
    },
    "aak": {
      "type": "curve",
      "points": [
        [
          540.1347368421052,
          569.018947368421
        ],
        [
          373.08771929824564,
          663.023923444976
        ],
        [
          244.0715789473684,
          755.3221052631578
        ]
      ]
    },
    "aal": {
      "type": "curve",
      "points": [
        [
          525.6926315789473,
          525.6926315789473
        ],
        [
          390.5933014354067,
          598.4720893141946
        ],
        [
          238.29473684210524,
          703.3305263157894
        ]
      ]
    },
    "aam": {
      "type": "curve",
      "points": [
        [
          505.4736842105263,
          483.59170653907495
        ],
        [
          371.99362041467305,
          555.8022328548644
        ],
        [
          237.41945773524722,
          647.7065390749601
        ]
      ]
    },
    "aan": {
      "type": "curve",
      "points": [
        [
          487.96810207336523,
          442.0159489633174
        ],
        [
          356.6762360446571,
          512.0382775119617
        ],
        [
          236.32535885167465,
          594.0956937799043
        ]
      ]
    },
    "aao": {
      "type": "curve",
      "points": [
        [
          470.46251993620416,
          397.15789473684214
        ],
        [
          349.01754385964915,
          466.0861244019139
        ],
        [
          238.5135566188198,
          537.2025518341308
        ]
      ]
    },
    "aap": {
      "type": "curve",
      "points": [
        [
          454.05103668261563,
          357.77033492822966
        ],
        [
          341.35885167464113,
          416.85167464114835
        ],
        [
          238.5135566188198,
          481.4035087719298
        ]
      ]
    },
    "aaq": {
      "type": "curve",
      "points": [
        [
          438.7336523125997,
          316.1945773524721
        ],
        [
          331.511961722488,
          371.99362041467305
        ],
        [
          237.41945773524722,
          428.8867623604466
        ]
      ]
    },
    "aar": {
      "type": "curve",
      "points": [
        [
          421.22807017543863,
          272.4306220095694
        ],
        [
          324.94736842105266,
          324.94736842105266
        ],
        [
          238.5135566188198,
          378.55821371610847
        ]
      ]
    },
    "aas": {
      "type": "curve",
      "points": [
        [
          408.0988835725678,
          227.57256778309412
        ],
        [
          318.38277511961724,
          276.8070175438597
        ],
        [
          237.41945773524722,
          326.0414673046252
        ]
      ]
    },
    "aat": {
      "type": "curve",
      "points": [
        [
          396.06379585326954,
          184.90271132376395
        ],
        [
          308.53588516746413,
          233.04306220095694
        ],
        [
          238.5135566188198,
          275.7129186602871
        ]
      ]
    },
    "aau": {
      "type": "curve",
      "points": [
        [
          305.2535885167464,
          182.7145135566188
        ],
        [
          239.60765550239236,
          219.91387559808612
        ]
      ]
    },
    "aav": {
      "type": "curve",
      "points": [
        [
          262.5837320574163,
          180.5263157894737
        ],
        [
          238.5135566188198,
          195.84370015948963
        ]
      ]
    },
    "aaw": {
      "type": "curve",
      "points": [
        [
          602.8484848484849,
          183.80861244019138
        ],
        [
          656.4593301435407,
          363.2408293460925
        ],
        [
          670.6826156299841,
          407.00478468899524
        ],
        [
          680.5295055821372,
          438.7336523125997
        ],
        [
          688.1881977671452,
          464.99202551834134
        ],
        [
          693.658692185008,
          516.414673046252
        ],
        [
          692.5645933014354,
          587.5311004784689
        ],
        [
          692.5645933014354,
          711.164274322169
        ]
      ]
    },
    "aax": {
      "type": "curve",
      "points": [
        [
          634.5773524720893,
          185.99681020733652
        ],
        [
          686.0,
          357.77033492822966
        ],
        [
          699.1291866028708,
          403.7224880382775
        ],
        [
          713.3524720893142,
          440.92185007974484
        ],
        [
          719.9170653907496,
          467.1802232854865
        ],
        [
          726.481658692185,
          519.6969696969697
        ],
        [
          731.9521531100479,
          590.8133971291866
        ],
        [
          736.3285486443382,
          708.976076555024
        ]
      ]
    },
    "aay": {
      "type": "curve",
      "points": [
        [
          871.9968102073366,
          371.99362041467305
        ],
        [
          922.3253588516747,
          435.45135566188196
        ],
        [
          963.9011164274323,
          529.5438596491229
        ],
        [
          974.8421052631579,
          705.6937799043062
        ]
      ]
    },
    "aaz": {
      "type": "curve",
      "points": [
        [
          874.1850079744817,
          292.1244019138756
        ],
        [
          979.2185007974482,
          370.8995215311005
        ],
        [
          1041.5821371610846,
          516.414673046252
        ],
        [
          1067.8405103668263,
          708.976076555024
        ]
      ]
    }
  },
  "groups": {
    "takeoff_outside_air_temperature": [
      "aaa",
      "aab"
    ],
    "rate_of_climb_multi_engine": [
      "aac",
      "aad"
    ],
    "rate_of_climb_single_engine": [
      "aae",
      "aaf"
    ],
    "takeoff_pressure_altitude": [
      "aai",
      "aaj",
      "aak",
      "aal",
      "aam",
      "aan",
      "aao",
      "aap",
      "aaq",
      "aar",
      "aas",
      "aat",
      "aau",
      "aav"
    ],
    "weight_multi_engine": [
      "aaw",
      "aax"
    ],
    "weight_single_engine": [
      "aay",
      "aaz"
    ]
  },
  "scales": {
    "aaa": -40.0,
    "aab": 40.0,
    "aac": 200.0,
    "aad": 2000.0,
    "aae": 0.0,
    "aaf": 500.0,
    "aai": 0.0,
    "aaj": 2000.0,
    "aak": 4000.0,
    "aal": 6000.0,
    "aam": 8000.0,
    "aan": 10000.0,
    "aao": 12000.0,
    "aap": 14000.0,
    "aaq": 16000.0,
    "aar": 18000.0,
    "aas": 20000.0,
    "aat": 22000.0,
    "aau": 24000.0,
    "aav": 25000.0,
    "aaw": 4750.0,
    "aax": 4000.0,
    "aay": 4750.0,
    "aaz": 4000.0
  }
}