{
  "background": "takeoff_climb_gear_extended.jpg",
  "elements": {
    "aaa": {
      "type": "vline",
      "pos": 231.90749601275917
    },
    "aab": {
      "type": "vline",
      "pos": 571.2583732057417
    },
    "aac": {
      "type": "vline",
      "pos": 656.3620414673046
    },
    "aad": {
      "type": "vline",
      "pos": 1166.9840510366826
    },
    "aae": {
      "type": "hline",
      "pos": 126.59170653907496
    },
    "aaf": {
      "type": "hline",
      "pos": 720.1897926634769
    },
    "aag": {
      "type": "curve",
      "points": [
        [
          565.1679389312977,
          665.7270992366413
        ],
        [
          421.33015267175574,
          738.2824427480916
        ],
        [
          241.85114503816794,
          878.3015267175573
        ]
      ]
    },
    "aah": {
      "type": "curve",
      "points": [
        [
          556.2576335877862,
          618.6297709923664
        ],
        [
          375.5057251908397,
          710.2786259541984
        ],
        [
          243.1240458015267,
          818.4751908396946
        ]
      ]
    },
    "aai": {
      "type": "curve",
      "points": [
        [
          539.7099236641221,
          574.0782442748092
        ],
        [
          369.1412213740458,
          670.8187022900763
        ],
        [
          240.57824427480915,
          762.4675572519084
        ]
      ]
    },
    "aaj": {
      "type": "curve",
      "points": [
        [
          523.162213740458,
          532.0725190839695
        ],
        [
          389.50763358778624,
          603.3549618320611
        ],
        [
          234.21374045801528,
          710.2786259541984
        ]
      ]
    },
    "aak": {
      "type": "curve",
      "points": [
        [
          505.3416030534351,
          490.0667938931298
        ],
        [
          369.1412213740458,
          563.8950381679389
        ],
        [
          235.48664122137404,
          655.5438931297709
        ]
      ]
    },
    "aal": {
      "type": "curve",
      "points": [
        [
          486.2480916030534,
          448.0610687022901
        ],
        [
          347.5019083969466,
          523.162213740458
        ],
        [
          234.21374045801528,
          599.5362595419847
        ]
      ]
    },
    "aam": {
      "type": "curve",
      "points": [
        [
          467.15458015267177,
          406.05534351145036
        ],
        [
          353.86641221374043,
          464.6087786259542
        ],
        [
          235.48664122137404,
          540.9828244274809
        ]
      ]
    },
    "aan": {
      "type": "curve",
      "points": [
        [
          456.97137404580155,
          364.0496183206107
        ],
        [
          333.5,
          426.42175572519085
        ],
        [
          235.48664122137404,
          487.5209923664122
        ]
      ]
    },
    "aao": {
      "type": "curve",
      "points": [
        [
          436.60496183206106,
          320.7709923664122
        ],
        [
          341.1374045801527,
          370.4141221374046
        ],
        [
          235.48664122137404,
          434.05916030534354
        ]
      ]
    },
    "aap": {
      "type": "curve",
      "points": [
        [
          418.78435114503816,
          280.0381679389313
        ],
        [
          316.9522900763359,
          334.7729007633588
        ],
        [
          235.48664122137404,
          386.9618320610687
        ]
      ]
    },
    "aaq": {
      "type": "curve",
      "points": [
        [
          403.50954198473283,
          238.0324427480916
        ],
        [
          315.6793893129771,
          283.85687022900765
        ],
        [
          238.0324427480916,
          330.9541984732824
        ]
      ]
    },
    "aar": {
      "type": "curve",
      "points": [
        [
          395.87213740458014,
          192.20801526717557
        ],
        [
          308.0419847328244,
          236.75954198473283
        ],
        [
          234.21374045801528,
          282.58396946564886
        ]
      ]
    },
    "aas": {
      "type": "curve",
      "points": [
        [
          300.40458015267177,
          188.38931297709922
        ],
        [
          240.57824427480915,
          225.30343511450383
        ]
      ]
    },
    "aat": {
      "type": "curve",
      "points": [
        [
          259.67175572519085,
          184.5706106870229
        ],
        [
          234.21374045801528,
          202.3912213740458
        ]
      ]
    },
    "aau": {
      "type": "curve",
      "points": [
        [
          659.3625954198474,
          142.5648854961832
        ],
        [
          777.7423664122138,
          369.1412213740458
        ],
        [
          814.6564885496183,
          407.32824427480915
        ],
        [
          847.7519083969465,
          439.15076335877865
        ],
        [
          856.662213740458,
          553.7118320610687
        ],
        [
          861.7538167938932,
          714.0973282442748
        ]
      ]
    }
  },
  "groups": {
    "takeoff_outside_air_temperature": [
      "aaa",
      "aab"
    ],
    "rate_of_climb_multi_engine": [
      "aac",
      "aad"
    ],
    "takeoff_pressure_altitude": [
      "aag",
      "aah",
      "aai",
      "aaj",
      "aak",
      "aal",
      "aam",
      "aan",
      "aao",
      "aap",
      "aaq",
      "aar",
      "aas",
      "aat"
    ]
  },
  "scales": {
    "aaa": -40.0,
    "aab": 40.0,
    "aac": 0.0,
    "aad": 3000.0,
    "aag": 0.0,
    "aah": 2000.0,
    "aai": 4000.0,
    "aaj": 6000.0,
    "aak": 8000.0,
    "aal": 10000.0,
    "aam": 12000.0,
    "aan": 14000.0,
    "aao": 16000.0,
    "aap": 18000.0,
    "aaq": 20000.0,
    "aar": 22000.0,
    "aas": 24000.0,
    "aat": 25000.0
  }
}