{
  "background": "takeoff_distance_required.jpg",
  "elements": {
    "aaa": {
      "type": "vline",
      "pos": 242.14832535885168
    },
    "aab": {
      "type": "vline",
      "pos": 582.9090909090909
    },
    "aac": {
      "type": "vline",
      "pos": 624.5454545454545
    },
    "aad": {
      "type": "vline",
      "pos": 922.5741626794259
    },
    "aae": {
      "type": "vline",
      "pos": 964.2105263157895
    },
    "aaf": {
      "type": "vline",
      "pos": 1093.5023923444976
    },
    "aag": {
      "type": "vline",
      "pos": 1177.8708133971293
    },
    "aah": {
      "type": "hline",
      "pos": 124.9090909090909
    },
    "aai": {
      "type": "hline",
      "pos": 295.8373205741627
    },
    "aaj": {
      "type": "hline",
      "pos": 722.0622009569378
    },
    "aak": {
      "type": "curve",
      "points": [
        [
          247.6267942583732,
          619.066985645933
        ],
        [
          411.98086124401914,
          571.9521531100478
        ],
        [
          578.5263157894736,
          508.4019138755981
        ]
      ]
    },
    "aal": {
      "type": "curve",
      "points": [
        [
          248.7224880382775,
          594.9617224880383
        ],
        [
          417.4593301435407,
          540.1770334928229
        ],
        [
          576.334928229665,
          470.05263157894734
        ]
      ]
    },
    "aam": {
      "type": "curve",
      "points": [
        [
          246.5311004784689,
          569.7607655502392
        ],
        [
          398.83253588516743,
          511.68899521531097
        ],
        [
          578.5263157894736,
          426.2248803827751
        ]
      ]
    },
    "aan": {
      "type": "curve",
      "points": [
        [
          248.7224880382775,
          536.88995215311
        ],
        [
          404.311004784689,
          471.14832535885165
        ],
        [
          579.622009569378,
          374.72727272727275
        ]
      ]
    },
    "aao": {
      "type": "curve",
      "points": [
        [
          247.6267942583732,
          501.82775119617224
        ],
        [
          406.5023923444976,
          427.3205741626794
        ],
        [
          577.4306220095693,
          316.6555023923445
        ]
      ]
    },
    "aap": {
      "type": "curve",
      "points": [
        [
          626.7368421052631,
          327.6124401913876
        ],
        [
          743.976076555024,
          410.88516746411483
        ],
        [
          916.0,
          511.68899521531097
        ]
      ]
    },
    "aaq": {
      "type": "curve",
      "points": [
        [
          627.8325358851674,
          373.63157894736844
        ],
        [
          757.1244019138755,
          453.61722488038276
        ],
        [
          917.0956937799043,
          536.88995215311
        ]
      ]
    },
    "aar": {
      "type": "curve",
      "points": [
        [
          630.023923444976,
          418.555023923445
        ],
        [
          756.0287081339712,
          484.29665071770336
        ],
        [
          917.0956937799043,
          557.7081339712919
        ]
      ]
    },
    "aas": {
      "type": "curve",
      "points": [
        [
          630.023923444976,
          461.2870813397129
        ],
        [
          914.9043062200957,
          581.8133971291866
        ]
      ]
    },
    "aat": {
      "type": "curve",
      "points": [
        [
          628.9282296650717,
          504.01913875598086
        ],
        [
          914.9043062200957,
          604.8229665071771
        ]
      ]
    },
    "aau": {
      "type": "curve",
      "points": [
        [
          628.9282296650717,
          545.6555023923445
        ],
        [
          754.9330143540669,
          586.1961722488038
        ],
        [
          914.9043062200957,
          628.9282296650717
        ]
      ]
    },
    "aav": {
      "type": "curve",
      "points": [
        [
          630.023923444976,
          590.578947368421
        ],
        [
          753.8373205741626,
          622.3540669856459
        ],
        [
          914.9043062200957,
          653.0334928229665
        ]
      ]
    },
    "aaw": {
      "type": "curve",
      "points": [
        [
          968.5933014354067,
          634.4066985645933
        ],
        [
          1085.8325358851675,
          666.1818181818181
        ]
      ]
    },
    "aax": {
      "type": "curve",
      "points": [
        [
          971.8803827751196,
          593.866028708134
        ],
        [
          1085.8325358851675,
          627.8325358851674
        ]
      ]
    },
    "aay": {
      "type": "curve",
      "points": [
        [
          971.8803827751196,
          548.9425837320574
        ],
        [
          1085.8325358851675,
          588.3875598086124
        ]
      ]
    },
    "aaz": {
      "type": "curve",
      "points": [
        [
          970.7846889952153,
          506.2105263157895
        ],
        [
          1088.0239234449762,
          547.8468899521531
        ]
      ]
    },
    "aba": {
      "type": "curve",
      "points": [
        [
          968.5933014354067,
          461.2870813397129
        ],
        [
          1085.8325358851675,
          510.5933014354067
        ]
      ]
    },
    "abb": {
      "type": "curve",
      "points": [
        [
          969.688995215311,
          420.74641148325355
        ],
        [
          1086.9282296650717,
          470.05263157894734
        ]
      ]
    },
    "abc": {
      "type": "curve",
      "points": [
        [
          969.688995215311,
          376.9186602870813
        ],
        [
          1085.8325358851675,
          428.4162679425837
        ]
      ]
    },
    "abd": {
      "type": "curve",
      "points": [
        [
          969.688995215311,
          335.2822966507177
        ],
        [
          1083.641148325359,
          392.25837320574163
        ]
      ]
    },
    "abe": {
      "type": "curve",
      "points": [
        [
          971.8803827751196,
          627.8325358851674
        ],
        [
          1008.0382775119617,
          599.3444976076555
        ],
        [
          1026.6650717703349,
          586.1961722488038
        ]
      ]
    },
    "abf": {
      "type": "curve",
      "points": [
        [
          970.7846889952153,
          585.1004784688995
        ],
        [
          1005.8468899521531,
          544.5598086124402
        ]
      ]
    },
    "abg": {
      "type": "curve",
      "points": [
        [
          970.7846889952153,
          540.1770334928229
        ],
        [
          1006.9425837320574,
          500.73205741626793
        ]
      ]
    },
    "abh": {
      "type": "curve",
      "points": [
        [
          969.688995215311,
          496.3492822966507
        ],
        [
          1005.8468899521531,
          453.61722488038276
        ]
      ]
    },
    "abi": {
      "type": "curve",
      "points": [
        [
          969.688995215311,
          452.52153110047846
        ],
        [
          1006.9425837320574,
          401.02392344497605
        ]
      ]
    },
    "abj": {
      "type": "curve",
      "points": [
        [
          968.5933014354067,
          411.98086124401914
        ],
        [
          1003.6555023923445,
          356.1004784688995
        ]
      ]
    },
    "abk": {
      "type": "curve",
      "points": [
        [
          969.688995215311,
          368.1531100478469
        ],
        [
          993.7942583732057,
          327.6124401913876
        ]
      ]
    },
    "abl": {
      "type": "curve",
      "points": [
        [
          1096.7894736842104,
          665.0861244019138
        ],
        [
          1174.5837320574162,
          631.1196172248804
        ]
      ]
    },
    "abm": {
      "type": "curve",
      "points": [
        [
          1097.8851674641148,
          633.311004784689
        ],
        [
          1173.488038277512,
          591.6746411483253
        ]
      ]
    },
    "abn": {
      "type": "curve",
      "points": [
        [
          1097.8851674641148,
          599.3444976076555
        ],
        [
          1172.3923444976076,
          553.3253588516747
        ]
      ]
    },
    "abo": {
      "type": "curve",
      "points": [
        [
          1096.7894736842104,
          563.1866028708134
        ],
        [
          1172.3923444976076,
          517.1674641148326
        ]
      ]
    },
    "abp": {
      "type": "curve",
      "points": [
        [
          1097.8851674641148,
          530.3157894736842
        ],
        [
          1171.2966507177034,
          478.8181818181818
        ]
      ]
    },
    "abq": {
      "type": "curve",
      "points": [
        [
          1097.8851674641148,
          495.2535885167464
        ],
        [
          1172.3923444976076,
          441.5645933014354
        ]
      ]
    },
    "abr": {
      "type": "curve",
      "points": [
        [
          1097.8851674641148,
          460.1913875598086
        ],
        [
          1173.488038277512,
          402.11961722488036
        ]
      ]
    },
    "abs": {
      "type": "curve",
      "points": [
        [
          1101.1722488038276,
          426.2248803827751
        ],
        [
          1171.2966507177034,
          369.2488038277512
        ]
      ]
    },
    "abt": {
      "type": "curve",
      "points": [
        [
          1097.8851674641148,
          394.44976076555025
        ],
        [
          1171.2966507177034,
          329.80382775119614
        ]
      ]
    },
    "abu": {
      "type": "curve",
      "points": [
        [
          1096.7894736842104,
          358.2918660287081
        ],
        [
          1174.5837320574162,
          290.35885167464113
        ]
      ]
    },
    "abv": {
      "type": "curve",
      "points": [
        [
          1097.8851674641148,
          323.22966507177034
        ],
        [
          1171.2966507177034,
          250.91387559808612
        ]
      ]
    }
  },
  "groups": {
    "takeoff_distance_required_feet": [
      "aai",
      "aaj"
    ],
    "takeoff_outside_air_temperature": [
      "aaa",
      "aab"
    ],
    "takeoff_weight": [
      "aac",
      "aad"
    ],
    "takeoff_head_tail_wind_component": [
      "aae",
      "aaf"
    ],
    "takeoff_pressure_altitude": [
      "aak",
      "aal",
      "aam",
      "aan",
      "aao"
    ],
    "takeoff_weight_projection": [
      "aap",
      "aaq",
      "aar",
      "aas",
      "aat",
      "aau",
      "aav"
    ],
    "takeoff_headwind": [
      "aaw",
      "aax",
      "aay",
      "aaz",
      "aba",
      "abb",
      "abc",
      "abd"
    ],
    "takeoff_tailwind": [
      "abg",
      "abh",
      "abi",
      "abj",
      "abk",
      "abe",
      "abf"
    ],
    "takeoff_velocity_curves": [
      "abl",
      "abm",
      "abn",
      "abo",
      "abp",
      "abq",
      "abr",
      "abs",
      "abt",
      "abu",
      "abv"
    ]
  },
  "scales": {
    "aai": 3000.0,
    "aaj": 500.0,
    "aaa": -40.0,
    "aab": 40.0,
    "aac": 4750.0,
    "aad": 3000.0,
    "aae": 0.0,
    "aaf": 15.0,
    "aak": 0.0,
    "aal": 2000.0,
    "aam": 4000.0,
    "aan": 6000.0,
    "aao": 8000.0,
    "aav": 1.0,
    "aau": 2.0,
    "aat": 3.0,
    "aas": 4.0,
    "aar": 5.0,
    "aaq": 6.0,
    "aap": 7.0,
    "aaw": 1.0,
    "aax": 2.0,
    "aay": 3.0,
    "aaz": 4.0,
    "aba": 5.0,
    "abb": 6.0,
    "abc": 7.0,
    "abd": 8.0,
    "abe": 1.0,
    "abf": 2.0,
    "abg": 3.0,
    "abh": 4.0,
    "abi": 5.0,
    "abj": 6.0,
    "abk": 7.0,
    "abl": 1.0,
    "abm": 2.0,
    "abn": 3.0,
    "abo": 4.0,
    "abp": 5.0,
    "abq": 6.0,
    "abr": 7.0,
    "abs": 8.0,
    "abt": 9.0,
    "abu": 10.0,
    "abv": 11.0
  }
}