{
  "input_elements": {
    "takeoff_outside_air_temperature_1": {
      "type": "vline",
      "group": "takeoff_outside_air_temperature"
    },
    "takeoff_pressure_altitude_1": {
      "type": "curve",
      "group": "takeoff_pressure_altitude"
    }
  },
  "projected_elements": {},
  "intersections": {
    "mp3428": {
      "elements": [
        "takeoff_pressure_altitude_1",
        "takeoff_outside_air_temperature_1"
      ]
    },
    "mp3428_lines": {
      "x_line": "mp3428_x",
      "y_line": "mp3428_y"
    },
    "mp3648": {
      "elements": [
        "mp3428_x",
        "aau"
      ]
    },
    "mp3648_lines": {
      "x_line": "mp3648_x",
      "y_line": "mp3648_y"
    },
    "mp3657": {
      "elements": [
        "mp3648_y",
        "aaf"
      ]
    },
    "mp3657_lines": {
      "x_line": "mp3657_x",
      "y_line": "mp3657_y"
    }
  },
  "timeline": [
    {
      "type": "input_element",
      "id": "takeoff_outside_air_temperature_1"
    },
    {
      "type": "input_element",
      "id": "takeoff_pressure_altitude_1"
    },
    {
      "type": "intersection_selection",
      "id": "mp3428"
    },
    {
      "type": "intersection_selection",
      "id": "mp3648"
    },
    {
      "type": "intersection_selection",
      "id": "mp3657"
    },
    {
      "type": "output_data",
      "mp": "mp3657",
      "group": "rate_of_climb_multi_engine"
    }
  ],
  "output_data": [
    {
      "mp": "mp3657",
      "group": "rate_of_climb_multi_engine"
    }
  ]
}