{
  "input_elements": {
    "takeoff_outside_air_temperature_1": {
      "type": "vline",
      "group": "takeoff_outside_air_temperature"
    },
    "takeoff_pressure_altitude_1": {
      "type": "curve",
      "group": "takeoff_pressure_altitude"
    },
    "takeoff_weight_1": {
      "type": "vline",
      "group": "takeoff_weight"
    },
    "takeoff_head_tail_wind_component_1": {
      "type": "vline",
      "group": "takeoff_head_tail_wind_component"
    }
  },
  "projected_elements": {
    "takeoff_weight_projection_1": {
      "type": "curve",
      "group": "takeoff_weight_projection",
      "source_mp": "mp9714",
      "base_line": "aac"
    },
    "takeoff_headwind_1": {
      "type": "curve",
      "group": "takeoff_headwind",
      "source_mp": "mp11169",
      "base_line": "aae"
    },
    "takeoff_velocity_curves_1": {
      "type": "curve",
      "group": "takeoff_velocity_curves",
      "source_mp": "mp12846",
      "base_line": "aaf"
    }
  },
  "intersections": {
    "mp9089": {
      "elements": [
        "takeoff_pressure_altitude_1",
        "takeoff_outside_air_temperature_1"
      ]
    },
    "mp9089_lines": {
      "x_line": "mp9089_x",
      "y_line": "mp9089_y"
    },
    "mp9714": {
      "elements": [
        "mp9089_x",
        "aac"
      ]
    },
    "mp9714_lines": {
      "x_line": "mp9714_x",
      "y_line": "mp9714_y"
    },
    "mp11161": {
      "elements": [
        "takeoff_weight_projection_1",
        "takeoff_weight_1"
      ]
    },
    "mp11161_lines": {
      "x_line": "mp11161_x",
      "y_line": "mp11161_y"
    },
    "mp11169": {
      "elements": [
        "mp11161_x",
        "aae"
      ]
    },
    "mp11169_lines": {
      "x_line": "mp11169_x",
      "y_line": "mp11169_y"
    },
    "mp12837": {
      "elements": [
        "takeoff_headwind_1",
        "takeoff_head_tail_wind_component_1"
      ]
    },
    "mp12837_lines": {
      "x_line": "mp12837_x",
      "y_line": "mp12837_y"
    },
    "mp12846": {
      "elements": [
        "mp12837_x",
        "aaf"
      ]
    },
    "mp12846_lines": {
      "x_line": "mp12846_x",
      "y_line": "mp12846_y"
    },
    "mp15719": {
      "elements": [
        "takeoff_velocity_curves_1",
        "aag"
      ]
    },
    "mp15719_lines": {
      "x_line": "mp15719_x",
      "y_line": "mp15719_y"
    }
  },
  "timeline": [
    {
      "type": "input_element",
      "id": "takeoff_outside_air_temperature_1"
    },
    {
      "type": "input_element",
      "id": "takeoff_pressure_altitude_1"
    },
    {
      "type": "input_element",
      "id": "takeoff_weight_1"
    },
    {
      "type": "input_element",
      "id": "takeoff_head_tail_wind_component_1"
    },
    {
      "type": "intersection_selection",
      "id": "mp9089"
    },
    {
      "type": "intersection_selection",
      "id": "mp9714"
    },
    {
      "type": "projection",
      "id": "takeoff_weight_projection_1"
    },
    {
      "type": "intersection_selection",
      "id": "mp11161"
    },
    {
      "type": "intersection_selection",
      "id": "mp11169"
    },
    {
      "type": "projection",
      "id": "takeoff_headwind_1"
    },
    {
      "type": "intersection_selection",
      "id": "mp12837"
    },
    {
      "type": "intersection_selection",
      "id": "mp12846"
    },
    {
      "type": "projection",
      "id": "takeoff_velocity_curves_1"
    },
    {
      "type": "intersection_selection",
      "id": "mp15719"
    },
    {
      "type": "output_data",
      "mp": "mp15719",
      "group": "takeoff_distance_required_feet"
    }
  ],
  "output_data": [
    {
      "mp": "mp15719",
      "group": "takeoff_distance_required_feet"
    }
  ]
}