{
  "background": "0_flaps_takeoff.png",
  "elements": {
    "aaa": {
      "type": "hline",
      "pos": 321.6492082825822
    },
    "aab": {
      "type": "hline",
      "pos": 1245.6224116930573
    },
    "aac": {
      "type": "vline",
      "pos": 335.9902557856273
    },
    "aad": {
      "type": "vline",
      "pos": 866.6090133982948
    },
    "aae": {
      "type": "vline",
      "pos": 905.5347137637028
    },
    "aaf": {
      "type": "vline",
      "pos": 1452.543239951279
    },
    "aag": {
      "type": "vline",
      "pos": 1649.2204628501827
    },
    "aah": {
      "type": "curve",
      "points": [
        [
          348.2825822168088,
          895.2911084043849
        ],
        [
          563.3982947624849,
          751.8806333739343
        ],
        [
          844.0730816077954,
          516.2777101096224
        ]
      ]
    },
    "aai": {
      "type": "curve",
      "points": [
        [
          344.18514007308164,
          938.3142509135201
        ],
        [
          557.252131546894,
          805.1473812423874
        ],
        [
          848.1705237515225,
          594.1291108404386
        ]
      ]
    },
    "aaj": {
      "type": "curve",
      "points": [
        [
          344.18514007308164,
          973.1425091352011
        ],
        [
          596.177831912302,
          837.9269183922047
        ],
        [
          850.2192448233861,
          647.3958587088916
        ]
      ]
    },
    "aak": {
      "type": "curve",
      "points": [
        [
          344.18514007308164,
          1012.0682095006091
        ],
        [
          661.7369062119367,
          842.0243605359318
        ],
        [
          852.2679658952497,
          706.8087697929354
        ]
      ]
    },
    "aal": {
      "type": "curve",
      "points": [
        [
          346.2338611449452,
          1044.8477466504264
        ],
        [
          641.2496954933009,
          907.5834348355664
        ],
        [
          858.4141291108405,
          762.1242387332521
        ]
      ]
    },
    "aam": {
      "type": "curve",
      "points": [
        [
          350.33130328867236,
          1079.6760048721071
        ],
        [
          659.6881851400731,
          930.1193666260658
        ],
        [
          856.3654080389769,
          815.3909866017053
        ]
      ]
    },
    "aan": {
      "type": "curve",
      "points": [
        [
          350.33130328867236,
          1120.6504263093789
        ],
        [
          696.5651644336176,
          950.6065773447016
        ],
        [
          852.2679658952497,
          856.3654080389769
        ]
      ]
    },
    "aao": {
      "type": "curve",
      "points": [
        [
          350.33130328867236,
          1149.332521315469
        ],
        [
          700.6626065773447,
          981.3373934226553
        ],
        [
          856.3654080389769,
          903.4859926918392
        ]
      ]
    },
    "aap": {
      "type": "curve",
      "points": [
        [
          911.6808769792935,
          663.7856272838003
        ],
        [
          1198.501827040195,
          901.4372716199757
        ],
        [
          1434.1047503045068,
          1026.4092570036541
        ]
      ]
    },
    "aaq": {
      "type": "curve",
      "points": [
        [
          913.7295980511572,
          747.7831912302071
        ],
        [
          1190.3069427527405,
          940.3629719853838
        ],
        [
          1432.0560292326431,
          1061.237515225335
        ]
      ]
    },
    "aar": {
      "type": "curve",
      "points": [
        [
          915.7783191230208,
          831.7807551766139
        ],
        [
          1198.501827040195,
          1014.1169305724726
        ],
        [
          1436.1534713763704,
          1096.0657734470158
        ]
      ]
    },
    "aas": {
      "type": "curve",
      "points": [
        [
          921.9244823386115,
          913.7295980511572
        ],
        [
          1208.7454323995128,
          1065.334957369062
        ],
        [
          1438.202192448234,
          1130.8940316686967
        ]
      ]
    },
    "aat": {
      "type": "curve",
      "points": [
        [
          915.7783191230208,
          989.5322777101096
        ],
        [
          1188.258221680877,
          1104.2606577344702
        ],
        [
          1434.1047503045068,
          1161.6248477466504
        ]
      ]
    },
    "aau": {
      "type": "curve",
      "points": [
        [
          1462.7868453105968,
          723.1985383678441
        ],
        [
          1634.8794153471376,
          801.0499390986602
        ]
      ]
    },
    "aav": {
      "type": "curve",
      "points": [
        [
          1462.7868453105968,
          788.7576126674787
        ],
        [
          1632.830694275274,
          864.5602923264312
        ]
      ]
    },
    "aaw": {
      "type": "curve",
      "points": [
        [
          1464.8355663824605,
          858.4141291108405
        ],
        [
          1630.7819732034106,
          917.8270401948844
        ]
      ]
    },
    "aax": {
      "type": "curve",
      "points": [
        [
          1466.884287454324,
          923.9732034104751
        ],
        [
          1630.7819732034106,
          973.1425091352011
        ]
      ]
    },
    "aay": {
      "type": "curve",
      "points": [
        [
          1466.884287454324,
          987.4835566382461
        ],
        [
          1628.733252131547,
          1026.4092570036541
        ]
      ]
    },
    "aaz": {
      "type": "curve",
      "points": [
        [
          1468.9330085261877,
          1053.0426309378806
        ],
        [
          1630.7819732034106,
          1087.8708891595616
        ]
      ]
    },
    "aba": {
      "type": "curve",
      "points": [
        [
          1468.9330085261877,
          1118.6017052375153
        ],
        [
          1632.830694275274,
          1141.1376370280148
        ]
      ]
    },
    "abb": {
      "type": "curve",
      "points": [
        [
          1470.9817295980513,
          1184.16077953715
        ],
        [
          1630.7819732034106,
          1206.6967113276492
        ]
      ]
    },
    "abc": {
      "type": "curve",
      "points": [
        [
          1462.7868453105968,
          1180.0633373934227
        ],
        [
          1511.9561510353228,
          1155.4786845310598
        ]
      ]
    },
    "abd": {
      "type": "curve",
      "points": [
        [
          1458.6894031668696,
          1118.6017052375153
        ],
        [
          1511.9561510353228,
          1081.7247259439707
        ]
      ]
    },
    "abe": {
      "type": "curve",
      "points": [
        [
          1462.7868453105968,
          1040.7503045066992
        ],
        [
          1511.9561510353228,
          1005.9220462850183
        ]
      ]
    },
    "abf": {
      "type": "curve",
      "points": [
        [
          1466.884287454324,
          975.1912302070646
        ],
        [
          1507.8587088915956,
          942.4116930572472
        ]
      ]
    },
    "abg": {
      "type": "curve",
      "points": [
        [
          1462.7868453105968,
          909.63215590743
        ],
        [
          1511.9561510353228,
          862.5115712545677
        ]
      ]
    },
    "abh": {
      "type": "curve",
      "points": [
        [
          1460.7381242387332,
          844.0730816077954
        ],
        [
          1514.0048721071864,
          784.6601705237515
        ]
      ]
    },
    "abi": {
      "type": "curve",
      "points": [
        [
          1462.7868453105968,
          768.270401948843
        ],
        [
          1511.9561510353228,
          696.5651644336176
        ]
      ]
    },
    "abj": {
      "type": "vline",
      "pos": 1386.9841656516444
    },
    "abk": {
      "type": "hline",
      "pos": 717.0523751522534
    }
  },
  "groups": {
    "takeoff_outside_air_temperature": [
      "aac",
      "aad"
    ],
    "takeoff_distance_feet": [
      "aaa",
      "aab",
      "abk"
    ],
    "takeoff_weight": [
      "abj",
      "aae"
    ],
    "takeoff_head_tail_wind_component": [
      "aaf",
      "aag"
    ],
    "takeoff_pressure_altitude": [
      "aah",
      "aai",
      "aaj",
      "aak",
      "aal",
      "aam",
      "aan",
      "aao"
    ],
    "takeoff_weight_projection": [
      "aap",
      "aaq",
      "aar",
      "aas",
      "aat"
    ],
    "takeoff_headwind": [
      "aau",
      "aav",
      "aaw",
      "aax",
      "aay",
      "aaz",
      "aba",
      "abb"
    ],
    "takeoff_tailwind": [
      "abg",
      "abh",
      "abi",
      "abc",
      "abd",
      "abe",
      "abf"
    ]
  },
  "scales": {
    "aab": 0.0,
    "aaa": 7000.0,
    "abk": 4000.0,
    "aac": -40.0,
    "aaf": 0.0,
    "aad": 40.0,
    "aae": 2440.0,
    "abj": 1700.0,
    "aag": 15.0,
    "aao": 0.0,
    "aan": 1000.0,
    "aam": 2000.0,
    "aal": 3000.0,
    "aak": 4000.0,
    "aaj": 5000.0,
    "aai": 6000.0,
    "aah": 7000.0,
    "aat": 1.0,
    "aas": 2.0,
    "aar": 3.0,
    "aaq": 4.0,
    "aap": 5.0,
    "abb": 1.0,
    "aba": 2.0,
    "aaz": 3.0,
    "aay": 4.0,
    "aax": 5.0,
    "aaw": 6.0,
    "aav": 7.0,
    "aau": 8.0,
    "abc": 1.0,
    "abd": 2.0,
    "abe": 3.0,
    "abf": 4.0,
    "abg": 5.0,
    "abh": 6.0,
    "abi": 7.0
  }
}