{
  "input_elements": {
    "takeoff_outside_air_temperature_1": {
      "type": "vline",
      "group": "takeoff_outside_air_temperature"
    },
    "takeoff_pressure_altitude_1": {
      "type": "curve",
      "group": "takeoff_pressure_altitude"
    },
    "takeoff_weight_1": {
      "type": "vline",
      "group": "takeoff_weight"
    },
    "takeoff_head_tail_wind_component_1": {
      "type": "vline",
      "group": "takeoff_head_tail_wind_component"
    }
  },
  "projected_elements": {
    "takeoff_weight_projection_1": {
      "type": "curve",
      "group": "takeoff_weight_projection",
      "source_mp": "mp5287",
      "base_line": "aae"
    },
    "takeoff_headwind_1": {
      "type": "curve",
      "group": "takeoff_headwind",
      "source_mp": "mp5945",
      "base_line": "aaf"
    }
  },
  "intersections": {
    "mp5282": {
      "elements": [
        "takeoff_pressure_altitude_1",
        "takeoff_outside_air_temperature_1"
      ]
    },
    "mp5282_lines": {
      "x_line": "mp5282_x",
      "y_line": "mp5282_y"
    },
    "mp5287": {
      "elements": [
        "mp5282_x",
        "aae"
      ]
    },
    "mp5287_lines": {
      "x_line": "mp5287_x",
      "y_line": "mp5287_y"
    },
    "mp5939": {
      "elements": [
        "takeoff_weight_1",
        "takeoff_weight_projection_1"
      ]
    },
    "mp5939_lines": {
      "x_line": "mp5939_x",
      "y_line": "mp5939_y"
    },
    "mp5945": {
      "elements": [
        "mp5939_x",
        "aaf"
      ]
    },
    "mp5945_lines": {
      "x_line": "mp5945_x",
      "y_line": "mp5945_y"
    },
    "mp7624": {
      "elements": [
        "takeoff_head_tail_wind_component_1",
        "takeoff_headwind_1"
      ]
    },
    "mp7624_lines": {
      "x_line": "mp7624_x",
      "y_line": "mp7624_y"
    },
    "mp7631": {
      "elements": [
        "mp7624_x",
        "aag"
      ]
    },
    "mp7631_lines": {
      "x_line": "mp7631_x",
      "y_line": "mp7631_y"
    }
  },
  "timeline": [
    {
      "type": "input_element",
      "id": "takeoff_outside_air_temperature_1"
    },
    {
      "type": "input_element",
      "id": "takeoff_pressure_altitude_1"
    },
    {
      "type": "intersection_selection",
      "id": "mp5282"
    },
    {
      "type": "intersection_selection",
      "id": "mp5287"
    },
    {
      "type": "projection",
      "id": "takeoff_weight_projection_1"
    },
    {
      "type": "input_element",
      "id": "takeoff_weight_1"
    },
    {
      "type": "intersection_selection",
      "id": "mp5939"
    },
    {
      "type": "intersection_selection",
      "id": "mp5945"
    },
    {
      "type": "projection",
      "id": "takeoff_headwind_1"
    },
    {
      "type": "input_element",
      "id": "takeoff_head_tail_wind_component_1"
    },
    {
      "type": "intersection_selection",
      "id": "mp7624"
    },
    {
      "type": "intersection_selection",
      "id": "mp7631"
    },
    {
      "type": "output_data",
      "mp": "mp7631",
      "group": "takeoff_distance_feet"
    }
  ],
  "output_data": [
    {
      "mp": "mp7631",
      "group": "takeoff_distance_feet"
    }
  ]
}