{
  "input_elements": {
    "t_f_d_to_climb_outside_air_temperature_1": {
      "type": "vline",
      "group": "t_f_d_to_climb_outside_air_temperature"
    },
    "t_f_d_to_climb_pressure_altitude_1": {
      "type": "curve",
      "group": "t_f_d_to_climb_pressure_altitude"
    }
  },
  "projected_elements": {},
  "intersections": {
    "mp3445": {
      "elements": [
        "t_f_d_to_climb_pressure_altitude_1",
        "t_f_d_to_climb_outside_air_temperature_1"
      ]
    },
    "mp3445_lines": {
      "x_line": "mp3445_x",
      "y_line": "mp3445_y"
    },
    "mp3471": {
      "elements": [
        "mp3445_x",
        "aav"
      ]
    },
    "mp3471_lines": {
      "x_line": "mp3471_x",
      "y_line": "mp3471_y"
    },
    "mp3472": {
      "elements": [
        "mp3445_x",
        "aaw"
      ]
    },
    "mp3472_lines": {
      "x_line": "mp3472_x",
      "y_line": "mp3472_y"
    },
    "mp3473": {
      "elements": [
        "mp3445_x",
        "aax"
      ]
    },
    "mp3473_lines": {
      "x_line": "mp3473_x",
      "y_line": "mp3473_y"
    },
    "mp3494": {
      "elements": [
        "mp3471_y",
        "aay"
      ]
    },
    "mp3494_lines": {
      "x_line": "mp3494_x",
      "y_line": "mp3494_y"
    },
    "mp3513": {
      "elements": [
        "mp3472_y",
        "aay"
      ]
    },
    "mp3513_lines": {
      "x_line": "mp3513_x",
      "y_line": "mp3513_y"
    },
    "mp3532": {
      "elements": [
        "mp3473_y",
        "aay"
      ]
    },
    "mp3532_lines": {
      "x_line": "mp3532_x",
      "y_line": "mp3532_y"
    }
  },
  "timeline": [
    {
      "type": "input_element",
      "id": "t_f_d_to_climb_outside_air_temperature_1"
    },
    {
      "type": "input_element",
      "id": "t_f_d_to_climb_pressure_altitude_1"
    },
    {
      "type": "intersection_selection",
      "id": "mp3445"
    },
    {
      "type": "intersection_selection",
      "id": "mp3471"
    },
    {
      "type": "intersection_selection",
      "id": "mp3472"
    },
    {
      "type": "intersection_selection",
      "id": "mp3473"
    },
    {
      "type": "intersection_selection",
      "id": "mp3494"
    },
    {
      "type": "intersection_selection",
      "id": "mp3513"
    },
    {
      "type": "intersection_selection",
      "id": "mp3532"
    },
    {
      "type": "output_data",
      "mp": "mp3532",
      "group": "climb_distance"
    },
    {
      "type": "output_data",
      "mp": "mp3513",
      "group": "climb_fuel"
    },
    {
      "type": "output_data",
      "mp": "mp3494",
      "group": "climb_time"
    }
  ],
  "output_data": [
    {
      "mp": "mp3532",
      "group": "climb_distance"
    },
    {
      "mp": "mp3513",
      "group": "climb_fuel"
    },
    {
      "mp": "mp3494",
      "group": "climb_time"
    }
  ]
}