{
  "background": "climb_time_fuel_distance.png",
  "elements": {
    "aaa": {
      "type": "vline",
      "pos": 342.1169305724726
    },
    "aab": {
      "type": "vline",
      "pos": 842.1339829476249
    },
    "aac": {
      "type": "vline",
      "pos": 902.8647990255786
    },
    "aad": {
      "type": "vline",
      "pos": 1131.6175395858709
    },
    "aae": {
      "type": "vline",
      "pos": 1178.177831912302
    },
    "aaf": {
      "type": "vline",
      "pos": 1475.7588306942753
    },
    "aag": {
      "type": "vline",
      "pos": 1534.4652862362973
    },
    "aah": {
      "type": "vline",
      "pos": 1850.2655298416566
    },
    "aai": {
      "type": "curve",
      "points": [
        [
          352.23873325213157,
          1198.42143727162
        ],
        [
          633.6248477466504,
          1200.4457978075518
        ],
        [
          840.1096224116931,
          1196.3970767356882
        ]
      ]
    },
    "aaj": {
      "type": "curve",
      "points": [
        [
          348.19001218026796,
          1153.8855054811206
        ],
        [
          645.7710109622412,
          1133.6419001218028
        ],
        [
          829.9878197320342,
          1113.3982947624847
        ]
      ]
    },
    "aak": {
      "type": "curve",
      "points": [
        [
          356.2874543239951,
          1107.3252131546894
        ],
        [
          653.8684531059683,
          1072.911084043849
        ],
        [
          829.9878197320342,
          1028.3751522533496
        ]
      ]
    },
    "aal": {
      "type": "curve",
      "points": [
        [
          352.23873325213157,
          1062.78928136419
        ],
        [
          661.9658952496956,
          1006.1071863580999
        ],
        [
          819.8660170523751,
          939.3032886723508
        ]
      ]
    },
    "aam": {
      "type": "curve",
      "points": [
        [
          348.19001218026796,
          1006.1071863580999
        ],
        [
          613.3812423873326,
          955.4981729598052
        ],
        [
          829.9878197320342,
          842.1339829476249
        ]
      ]
    },
    "aan": {
      "type": "curve",
      "points": [
        [
          348.19001218026796,
          953.4738124238734
        ],
        [
          593.1376370280146,
          896.7917174177832
        ],
        [
          832.012180267966,
          742.9403166869671
        ]
      ]
    },
    "aao": {
      "type": "curve",
      "points": [
        [
          346.1656516443362,
          898.816077953715
        ],
        [
          609.332521315469,
          823.9147381242387
        ],
        [
          832.012180267966,
          633.6248477466504
        ]
      ]
    },
    "aap": {
      "type": "curve",
      "points": [
        [
          346.1656516443362,
          846.1827040194885
        ],
        [
          605.2838002436054,
          749.0133982947625
        ],
        [
          829.9878197320342,
          526.3337393422655
        ]
      ]
    },
    "aaq": {
      "type": "curve",
      "points": [
        [
          352.23873325213157,
          789.5006090133983
        ],
        [
          593.1376370280146,
          668.0389768574909
        ],
        [
          823.9147381242387,
          443.3349573690621
        ]
      ]
    },
    "aar": {
      "type": "curve",
      "points": [
        [
          350.21437271619976,
          718.6479902557857
        ],
        [
          562.7722289890378,
          631.6004872107186
        ],
        [
          825.9390986601705,
          323.89768574908646
        ]
      ]
    },
    "aas": {
      "type": "curve",
      "points": [
        [
          348.19001218026796,
          653.8684531059683
        ],
        [
          542.5286236297198,
          585.0401948842874
        ],
        [
          832.012180267966,
          192.3142509135201
        ]
      ]
    },
    "aat": {
      "type": "curve",
      "points": [
        [
          344.1412911084044,
          599.21071863581
        ],
        [
          514.1875761266748,
          538.4799025578562
        ],
        [
          823.9147381242387,
          70.85261875761267
        ]
      ]
    },
    "aau": {
      "type": "curve",
      "points": [
        [
          346.1656516443362,
          540.504263093788
        ],
        [
          449.4080389768575,
          510.13885505481124
        ],
        [
          815.8172959805116,
          -20.243605359317904
        ]
      ]
    },
    "aav": {
      "type": "curve",
      "points": [
        [
          1147.8124238733253,
          441.3105968331303
        ],
        [
          971.6930572472595,
          540.504263093788
        ],
        [
          902.8647990255786,
          1198.42143727162
        ]
      ]
    },
    "aaw": {
      "type": "curve",
      "points": [
        [
          1473.7344701583436,
          437.26187576126677
        ],
        [
          1275.347137637028,
          538.4799025578562
        ],
        [
          1202.4701583434835,
          1196.3970767356882
        ]
      ]
    },
    "aax": {
      "type": "curve",
      "points": [
        [
          1797.63215590743,
          439.28623629719857
        ],
        [
          1599.2448233861146,
          536.4555420219245
        ],
        [
          1534.4652862362973,
          1196.3970767356882
        ]
      ]
    },
    "aay": {
      "type": "hline",
      "pos": 1196.3970767356882
    }
  },
  "groups": {
    "t_f_d_to_climb_pressure_altitude": [
      "aaj",
      "aak",
      "aal",
      "aam",
      "aan",
      "aao",
      "aap",
      "aaq",
      "aar",
      "aas",
      "aat",
      "aau"
    ],
    "t_f_d_to_climb_outside_air_temperature": [
      "aaa",
      "aab"
    ],
    "climb_time": [
      "aad",
      "aac"
    ],
    "climb_fuel": [
      "aae",
      "aaf"
    ],
    "climb_distance": [
      "aag",
      "aah"
    ]
  },
  "scales": {
    "aaa": -25.0,
    "aab": 45.0,
    "aac": 0.0,
    "aad": 50.0,
    "aae": 0.0,
    "aaf": 12.0,
    "aag": 0.0,
    "aah": 100.0,
    "aai": 0.0,
    "aaj": 1000.0,
    "aak": 2000.0,
    "aal": 3000.0,
    "aam": 4000.0,
    "aan": 5000.0,
    "aao": 6000.0,
    "aap": 7000.0,
    "aaq": 8000.0,
    "aar": 9000.0,
    "aas": 10000.0,
    "aat": 11000.0,
    "aau": 12000.0
  }
}