{
  "input_elements": {
    "cruise_pressure_altitude_1": {
      "type": "hline",
      "group": "cruise_pressure_altitude"
    },
    "cruise_power_setting_1": {
      "type": "curve",
      "group": "cruise_power_setting"
    }
  },
  "projected_elements": {},
  "intersections": {
    "mp1220": {
      "elements": [
        "cruise_pressure_altitude_1",
        "aag"
      ]
    },
    "mp1220_lines": {
      "x_line": "mp1220_x",
      "y_line": "mp1220_y"
    },
    "mp1227": {
      "elements": [
        "mp1220_y",
        "aab"
      ]
    },
    "mp1227_lines": {
      "x_line": "mp1227_x",
      "y_line": "mp1227_y"
    },
    "mp1225": {
      "elements": [
        "cruise_power_setting_1",
        "cruise_pressure_altitude_1"
      ]
    },
    "mp1225_lines": {
      "x_line": "mp1225_x",
      "y_line": "mp1225_y"
    },
    "mp2050": {
      "elements": [
        "mp1225_y",
        "aab"
      ]
    },
    "mp2050_lines": {
      "x_line": "mp2050_x",
      "y_line": "mp2050_y"
    }
  },
  "timeline": [
    {
      "type": "input_element",
      "id": "cruise_pressure_altitude_1"
    },
    {
      "type": "input_element",
      "id": "cruise_power_setting_1"
    },
    {
      "type": "intersection_selection",
      "id": "mp1220"
    },
    {
      "type": "intersection_selection",
      "id": "mp1227"
    },
    {
      "type": "intersection_selection",
      "id": "mp1225"
    },
    {
      "type": "intersection_selection",
      "id": "mp2050"
    },
    {
      "type": "output_data",
      "mp": "mp2050",
      "group": "cruise_tas"
    },
    {
      "type": "output_data",
      "mp": "mp1227",
      "group": "cruise_isa_temperature"
    }
  ],
  "output_data": [
    {
      "mp": "mp2050",
      "group": "cruise_tas"
    },
    {
      "mp": "mp1227",
      "group": "cruise_isa_temperature"
    }
  ]
}