{
  "background": "cruise_speed_power.png",
  "elements": {
    "aaa": {
      "type": "hline",
      "pos": 313.93300852618756
    },
    "aab": {
      "type": "hline",
      "pos": 1117.522533495737
    },
    "aac": {
      "type": "vline",
      "pos": 483.73325213154686
    },
    "aad": {
      "type": "vline",
      "pos": 1230.0645554202192
    },
    "aae": {
      "type": "vline",
      "pos": 1356.4275274056029
    },
    "aaf": {
      "type": "vline",
      "pos": 1968.498172959805
    },
    "aag": {
      "type": "curve",
      "points": [
        [
          501.5030450669915,
          325.7795371498173
        ],
        [
          852.9500609013398,
          706.84287454324
        ],
        [
          1224.1412911084044,
          1109.6248477466504
        ]
      ]
    },
    "aah": {
      "type": "curve",
      "points": [
        [
          1340.63215590743,
          1107.6504263093789
        ],
        [
          1583.485992691839,
          321.830694275274
        ]
      ]
    },
    "aai": {
      "type": "curve",
      "points": [
        [
          1780.9281364190012,
          408.70523751522535
        ],
        [
          1542.0231425091351,
          1105.6760048721071
        ]
      ]
    },
    "aaj": {
      "type": "curve",
      "points": [
        [
          1842.1352009744214,
          669.3288672350792
        ],
        [
          1684.1814859926917,
          1105.6760048721071
        ]
      ]
    },
    "aak": {
      "type": "curve",
      "points": [
        [
          1755.2606577344702,
          325.7795371498173
        ],
        [
          1861.8794153471376,
          503.4774665042631
        ],
        [
          1897.4190012180268,
          1103.7015834348356
        ]
      ]
    }
  },
  "groups": {
    "cruise_isa_temperature": [
      "aac",
      "aad"
    ],
    "cruise_tas": [
      "aae",
      "aaf"
    ],
    "cruise_pressure_altitude": [
      "aaa",
      "aab"
    ],
    "cruise_power_setting": [
      "aah",
      "aai",
      "aaj",
      "aak"
    ]
  },
  "scales": {
    "aaa": 10000.0,
    "aab": 0.0,
    "aac": -5.0,
    "aad": 15.0,
    "aae": 95.0,
    "aaf": 120.0,
    "aah": 55.0,
    "aai": 65.0,
    "aaj": 75.0,
    "aak": 100.0
  }
}