{
  "background": "endurance.png",
  "elements": {
    "aaa": {
      "type": "hline",
      "pos": 552.6504263093789
    },
    "aab": {
      "type": "hline",
      "pos": 1220.6894031668696
    },
    "aac": {
      "type": "vline",
      "pos": 516.2119366626066
    },
    "aad": {
      "type": "vline",
      "pos": 1147.8124238733253
    },
    "aae": {
      "type": "vline",
      "pos": 1299.6394640682095
    },
    "aaf": {
      "type": "vline",
      "pos": 1753.0962241169307
    },
    "aag": {
      "type": "curve",
      "points": [
        [
          655.8928136419001,
          562.7722289890378
        ],
        [
          657.917174177832,
          904.8891595615104
        ],
        [
          643.7466504263094,
          1204.4945188794154
        ]
      ]
    },
    "aah": {
      "type": "curve",
      "points": [
        [
          799.6224116930573,
          564.7965895249696
        ],
        [
          821.8903775883069,
          890.7186358099879
        ],
        [
          823.9147381242387,
          1210.5676004872107
        ]
      ]
    },
    "aai": {
      "type": "curve",
      "points": [
        [
          925.1327649208283,
          570.8696711327649
        ],
        [
          961.5712545676005,
          898.816077953715
        ],
        [
          975.741778319123,
          1202.4701583434835
        ]
      ]
    },
    "aaj": {
      "type": "curve",
      "points": [
        [
          1200.4457978075518,
          568.8453105968331
        ],
        [
          1206.518879415347,
          910.9622411693058
        ],
        [
          1184.2509135200974,
          1208.543239951279
        ]
      ]
    },
    "aak": {
      "type": "curve",
      "points": [
        [
          1447.4177831912302,
          564.7965895249696
        ],
        [
          1477.7831912302072,
          878.5724725943971
        ],
        [
          1485.8806333739342,
          1202.4701583434835
        ]
      ]
    },
    "aal": {
      "type": "curve",
      "points": [
        [
          1657.9512789281364,
          570.8696711327649
        ],
        [
          1710.584652862363,
          852.2557856272838
        ],
        [
          1732.8526187576126,
          1198.42143727162
        ]
      ]
    }
  },
  "groups": {
    "endurance_pressure_altitude": [
      "aaa",
      "aab"
    ],
    "endurance_hours_reserve": [
      "aad",
      "aac"
    ],
    "endurance_hours_no_reserve": [
      "aae",
      "aaf"
    ],
    "endurance_power_setting_reserve": [
      "aag",
      "aah",
      "aai"
    ],
    "endurance_power_setting_no_reserve": [
      "aaj",
      "aak",
      "aal"
    ]
  },
  "scales": {
    "aaa": 10000.0,
    "aab": 0.0,
    "aac": 3.0,
    "aad": 4.0,
    "aae": 4.5,
    "aaf": 6.0,
    "aag": 75.0,
    "aah": 65.0,
    "aai": 55.0,
    "aaj": 75.0,
    "aak": 65.0,
    "aal": 55.0
  }
}