{
  "input_elements": {
    "endurance_pressure_altitude_1": {
      "type": "hline",
      "group": "endurance_pressure_altitude"
    },
    "endurance_power_setting_reserve_1": {
      "type": "curve",
      "group": "endurance_power_setting_reserve"
    },
    "endurance_power_setting_no_reserve_1": {
      "type": "curve",
      "group": "endurance_power_setting_no_reserve"
    }
  },
  "projected_elements": {},
  "intersections": {
    "mp1426": {
      "elements": [
        "endurance_power_setting_reserve_1",
        "endurance_pressure_altitude_1"
      ]
    },
    "mp1426_lines": {
      "x_line": "mp1426_x",
      "y_line": "mp1426_y"
    },
    "mp1644": {
      "elements": [
        "mp1426_x",
        "endurance_power_setting_no_reserve_1"
      ]
    },
    "mp1644_lines": {
      "x_line": "mp1644_x",
      "y_line": "mp1644_y"
    },
    "mp1630": {
      "elements": [
        "mp1426_y",
        "aab"
      ]
    },
    "mp1630_lines": {
      "x_line": "mp1630_x",
      "y_line": "mp1630_y"
    },
    "mp1646": {
      "elements": [
        "mp1644_y",
        "aab"
      ]
    },
    "mp1646_lines": {
      "x_line": "mp1646_x",
      "y_line": "mp1646_y"
    }
  },
  "timeline": [
    {
      "type": "input_element",
      "id": "endurance_pressure_altitude_1"
    },
    {
      "type": "input_element",
      "id": "endurance_power_setting_reserve_1"
    },
    {
      "type": "input_element",
      "id": "endurance_power_setting_no_reserve_1"
    },
    {
      "type": "intersection_selection",
      "id": "mp1426"
    },
    {
      "type": "intersection_selection",
      "id": "mp1644"
    },
    {
      "type": "intersection_selection",
      "id": "mp1630"
    },
    {
      "type": "intersection_selection",
      "id": "mp1646"
    },
    {
      "type": "output_data",
      "mp": "mp1646",
      "group": "endurance_hours_no_reserve"
    },
    {
      "type": "output_data",
      "mp": "mp1630",
      "group": "endurance_hours_reserve"
    }
  ],
  "output_data": [
    {
      "mp": "mp1646",
      "group": "endurance_hours_no_reserve"
    },
    {
      "mp": "mp1630",
      "group": "endurance_hours_reserve"
    }
  ]
}