{
  "input_elements": {
    "landing_outside_air_temperature_1": {
      "type": "vline",
      "group": "landing_outside_air_temperature"
    },
    "landing_pressure_altitude_1": {
      "type": "curve",
      "group": "landing_pressure_altitude"
    },
    "landing_weight_1": {
      "type": "vline",
      "group": "landing_weight"
    },
    "landing_head_tail_wind_component_1": {
      "type": "vline",
      "group": "landing_head_tail_wind_component"
    }
  },
  "projected_elements": {
    "landing_weight_projection_1": {
      "type": "curve",
      "group": "landing_weight_projection",
      "source_mp": "mp4872",
      "base_line": "aaf"
    },
    "landing_headwind_1": {
      "type": "curve",
      "group": "landing_headwind",
      "source_mp": "mp5124",
      "base_line": "aah"
    }
  },
  "intersections": {
    "mp4866": {
      "elements": [
        "landing_pressure_altitude_1",
        "landing_outside_air_temperature_1"
      ]
    },
    "mp4866_lines": {
      "x_line": "mp4866_x",
      "y_line": "mp4866_y"
    },
    "mp4872": {
      "elements": [
        "mp4866_x",
        "aaf"
      ]
    },
    "mp4872_lines": {
      "x_line": "mp4872_x",
      "y_line": "mp4872_y"
    },
    "mp5116": {
      "elements": [
        "landing_weight_1",
        "landing_weight_projection_1"
      ]
    },
    "mp5116_lines": {
      "x_line": "mp5116_x",
      "y_line": "mp5116_y"
    },
    "mp5124": {
      "elements": [
        "mp5116_x",
        "aah"
      ]
    },
    "mp5124_lines": {
      "x_line": "mp5124_x",
      "y_line": "mp5124_y"
    },
    "mp6802": {
      "elements": [
        "landing_head_tail_wind_component_1",
        "landing_headwind_1"
      ]
    },
    "mp6802_lines": {
      "x_line": "mp6802_x",
      "y_line": "mp6802_y"
    },
    "mp6804": {
      "elements": [
        "mp6802_x",
        "aab"
      ]
    },
    "mp6804_lines": {
      "x_line": "mp6804_x",
      "y_line": "mp6804_y"
    }
  },
  "timeline": [
    {
      "type": "input_element",
      "id": "landing_outside_air_temperature_1"
    },
    {
      "type": "input_element",
      "id": "landing_pressure_altitude_1"
    },
    {
      "type": "intersection_selection",
      "id": "mp4866"
    },
    {
      "type": "intersection_selection",
      "id": "mp4872"
    },
    {
      "type": "projection",
      "id": "landing_weight_projection_1"
    },
    {
      "type": "input_element",
      "id": "landing_weight_1"
    },
    {
      "type": "intersection_selection",
      "id": "mp5116"
    },
    {
      "type": "intersection_selection",
      "id": "mp5124"
    },
    {
      "type": "projection",
      "id": "landing_headwind_1"
    },
    {
      "type": "input_element",
      "id": "landing_head_tail_wind_component_1"
    },
    {
      "type": "intersection_selection",
      "id": "mp6802"
    },
    {
      "type": "intersection_selection",
      "id": "mp6804"
    },
    {
      "type": "output_data",
      "mp": "mp6804",
      "group": "landing_distance_feet"
    }
  ],
  "output_data": [
    {
      "mp": "mp6804",
      "group": "landing_distance_feet"
    }
  ]
}