{
  "input_elements": {
    "landing_outside_air_temperature_1": {
      "type": "vline",
      "group": "landing_outside_air_temperature"
    },
    "landing_pressure_altitude_1": {
      "type": "curve",
      "group": "landing_pressure_altitude"
    },
    "landing_weight_1": {
      "type": "vline",
      "group": "landing_weight"
    },
    "landing_head_tail_wind_component_1": {
      "type": "vline",
      "group": "landing_head_tail_wind_component"
    }
  },
  "projected_elements": {
    "landing_weight_projection_1": {
      "type": "curve",
      "group": "landing_weight_projection",
      "source_mp": "mp4871",
      "base_line": "aaf"
    },
    "landing_tailwind_1": {
      "type": "curve",
      "group": "landing_tailwind",
      "source_mp": "mp5121",
      "base_line": "aah"
    }
  },
  "intersections": {
    "mp4865": {
      "elements": [
        "landing_pressure_altitude_1",
        "landing_outside_air_temperature_1"
      ]
    },
    "mp4865_lines": {
      "x_line": "mp4865_x",
      "y_line": "mp4865_y"
    },
    "mp4871": {
      "elements": [
        "mp4865_x",
        "aaf"
      ]
    },
    "mp4871_lines": {
      "x_line": "mp4871_x",
      "y_line": "mp4871_y"
    },
    "mp5113": {
      "elements": [
        "landing_weight_1",
        "landing_weight_projection_1"
      ]
    },
    "mp5113_lines": {
      "x_line": "mp5113_x",
      "y_line": "mp5113_y"
    },
    "mp5121": {
      "elements": [
        "mp5113_x",
        "aah"
      ]
    },
    "mp5121_lines": {
      "x_line": "mp5121_x",
      "y_line": "mp5121_y"
    },
    "mp6793": {
      "elements": [
        "landing_head_tail_wind_component_1",
        "landing_tailwind_1"
      ]
    },
    "mp6793_lines": {
      "x_line": "mp6793_x",
      "y_line": "mp6793_y"
    },
    "mp6795": {
      "elements": [
        "mp6793_x",
        "aab"
      ]
    },
    "mp6795_lines": {
      "x_line": "mp6795_x",
      "y_line": "mp6795_y"
    }
  },
  "timeline": [
    {
      "type": "input_element",
      "id": "landing_outside_air_temperature_1"
    },
    {
      "type": "input_element",
      "id": "landing_pressure_altitude_1"
    },
    {
      "type": "intersection_selection",
      "id": "mp4865"
    },
    {
      "type": "intersection_selection",
      "id": "mp4871"
    },
    {
      "type": "projection",
      "id": "landing_weight_projection_1"
    },
    {
      "type": "input_element",
      "id": "landing_weight_1"
    },
    {
      "type": "intersection_selection",
      "id": "mp5113"
    },
    {
      "type": "intersection_selection",
      "id": "mp5121"
    },
    {
      "type": "projection",
      "id": "landing_tailwind_1"
    },
    {
      "type": "input_element",
      "id": "landing_head_tail_wind_component_1"
    },
    {
      "type": "intersection_selection",
      "id": "mp6793"
    },
    {
      "type": "intersection_selection",
      "id": "mp6795"
    },
    {
      "type": "output_data",
      "mp": "mp6795",
      "group": "landing_distance_feet"
    }
  ],
  "output_data": [
    {
      "mp": "mp6795",
      "group": "landing_distance_feet"
    }
  ]
}