{
  "background": "landing_distance.png",
  "elements": {
    "aaa": {
      "type": "vline",
      "pos": 510.73812423873323
    },
    "aab": {
      "type": "vline",
      "pos": 1833.7344701583434
    },
    "aac": {
      "type": "hline",
      "pos": 248.19001218026796
    },
    "aad": {
      "type": "hline",
      "pos": 1181.4665042630938
    },
    "aae": {
      "type": "vline",
      "pos": 1039.9366626065773
    },
    "aaf": {
      "type": "vline",
      "pos": 1080.9598051157125
    },
    "aag": {
      "type": "vline",
      "pos": 1569.1352009744214
    },
    "aah": {
      "type": "vline",
      "pos": 1634.7722289890378
    },
    "aai": {
      "type": "curve",
      "points": [
        [
          518.9427527405603,
          914.816077953715
        ],
        [
          1027.6297198538368,
          767.1327649208282
        ]
      ]
    },
    "aaj": {
      "type": "curve",
      "points": [
        [
          516.8915956151035,
          879.9464068209501
        ],
        [
          1021.4762484774665,
          722.0073081607795
        ]
      ]
    },
    "aak": {
      "type": "curve",
      "points": [
        [
          516.8915956151035,
          845.0767356881851
        ],
        [
          1027.6297198538368,
          670.7283800243605
        ]
      ]
    },
    "aal": {
      "type": "curve",
      "points": [
        [
          516.8915956151035,
          799.9512789281364
        ],
        [
          1021.4762484774665,
          619.4494518879416
        ]
      ]
    },
    "aam": {
      "type": "curve",
      "points": [
        [
          523.0450669914738,
          777.388550548112
        ],
        [
          1021.4762484774665,
          586.6309378806334
        ]
      ]
    },
    "aan": {
      "type": "curve",
      "points": [
        [
          1089.1644336175395,
          881.9975639464068
        ],
        [
          1626.5676004872107,
          1113.7783191230208
        ]
      ]
    },
    "aao": {
      "type": "curve",
      "points": [
        [
          1091.2155907429963,
          814.3093788063337
        ],
        [
          1618.3629719853836,
          1064.5505481120583
        ]
      ]
    },
    "aap": {
      "type": "curve",
      "points": [
        [
          1089.1644336175395,
          746.6211936662606
        ],
        [
          1622.465286236297,
          1025.57856272838
        ]
      ]
    },
    "aaq": {
      "type": "curve",
      "points": [
        [
          1087.1132764920828,
          676.8818514007309
        ],
        [
          1620.4141291108403,
          966.095006090134
        ]
      ]
    },
    "aar": {
      "type": "curve",
      "points": [
        [
          1091.2155907429963,
          607.142509135201
        ],
        [
          1620.4141291108403,
          931.225334957369
        ]
      ]
    },
    "aas": {
      "type": "curve",
      "points": [
        [
          1645.0280146163216,
          1121.9829476248476
        ],
        [
          1821.4275274056029,
          1257.359317904994
        ]
      ]
    },
    "aat": {
      "type": "curve",
      "points": [
        [
          1642.9768574908649,
          1056.3459196102315
        ],
        [
          1823.4786845310596,
          1189.6711327649207
        ]
      ]
    },
    "aau": {
      "type": "curve",
      "points": [
        [
          1640.925700365408,
          988.6577344701583
        ],
        [
          1827.5809987819732,
          1140.4433617539585
        ]
      ]
    },
    "aav": {
      "type": "curve",
      "points": [
        [
          1642.9768574908649,
          923.020706455542
        ],
        [
          1819.3763702801461,
          1072.7551766138854
        ]
      ]
    },
    "aaw": {
      "type": "curve",
      "points": [
        [
          1640.925700365408,
          853.2813641900121
        ],
        [
          1821.4275274056029,
          1005.0669914738124
        ]
      ]
    },
    "aax": {
      "type": "curve",
      "points": [
        [
          1642.9768574908649,
          791.7466504263093
        ],
        [
          1821.4275274056029,
          943.5322777101096
        ]
      ]
    },
    "aay": {
      "type": "curve",
      "points": [
        [
          1642.9768574908649,
          717.904993909866
        ],
        [
          1823.4786845310596,
          879.9464068209501
        ]
      ]
    },
    "aaz": {
      "type": "curve",
      "points": [
        [
          1640.925700365408,
          652.2679658952496
        ],
        [
          1823.4786845310596,
          820.462850182704
        ]
      ]
    },
    "aba": {
      "type": "curve",
      "points": [
        [
          1642.9768574908649,
          590.7332521315469
        ],
        [
          1825.5298416565163,
          763.0304506699147
        ]
      ]
    },
    "abb": {
      "type": "curve",
      "points": [
        [
          1642.9768574908649,
          1097.3690621193666
        ],
        [
          1698.3580998781972,
          943.5322777101096
        ]
      ]
    },
    "abc": {
      "type": "curve",
      "points": [
        [
          1642.9768574908649,
          961.9926918392205
        ],
        [
          1698.3580998781972,
          810.2070645554202
        ]
      ]
    },
    "abd": {
      "type": "curve",
      "points": [
        [
          1640.925700365408,
          826.6163215590743
        ],
        [
          1698.3580998781972,
          668.6772228989038
        ]
      ]
    },
    "abe": {
      "type": "curve",
      "points": [
        [
          1640.925700365408,
          695.3422655298416
        ],
        [
          1692.204628501827,
          537.4031668696712
        ]
      ]
    }
  },
  "groups": {
    "landing_distance_feet": [
      "aac",
      "aad"
    ],
    "landing_outside_air_temperature": [
      "aaa",
      "aae"
    ],
    "landing_weight": [
      "aaf",
      "aag"
    ],
    "landing_head_tail_wind_component": [
      "aab",
      "aah"
    ],
    "landing_pressure_altitude": [
      "aai",
      "aaj",
      "aak",
      "aal",
      "aam"
    ],
    "landing_weight_projection": [
      "aan",
      "aao",
      "aap",
      "aaq",
      "aar"
    ],
    "landing_headwind": [
      "aas",
      "aat",
      "aau",
      "aav",
      "aaw",
      "aax",
      "aay",
      "aaz",
      "aba"
    ],
    "landing_tailwind": [
      "abb",
      "abc",
      "abd",
      "abe"
    ]
  },
  "scales": {
    "aac": 2000.0,
    "aad": 600.0,
    "aaa": -40.0,
    "aae": 40.0,
    "aaf": 2440.0,
    "aag": 1700.0,
    "aah": 0.0,
    "aab": 15.0,
    "aai": 0.0,
    "aaj": 2000.0,
    "aak": 4000.0,
    "aal": 6000.0,
    "aam": 7000.0,
    "aan": 1.0,
    "aao": 2.0,
    "aap": 3.0,
    "aaq": 4.0,
    "aar": 5.0,
    "aas": 1.0,
    "aat": 2.0,
    "aau": 3.0,
    "aav": 4.0,
    "aaw": 5.0,
    "aax": 6.0,
    "aay": 7.0,
    "aaz": 8.0,
    "aba": 9.0,
    "abb": 1.0,
    "abc": 2.0,
    "abd": 3.0,
    "abe": 4.0
  }
}